Uuid,Void/Retire,Short name:en,Fully specified name:en,Short name:fr,Fully specified name:fr,Data class,Data Type,_version:1,_order:500
d8e65dab-894d-4ecb-b75a-055b85bb051b,,NEOPYNAMINE,NEOPYNAMINE,NEOPYNAMINE,NEOPYNAMINE,Drug,N/A,,
2101dc3e-67fd-4301-b6fd-366a57ace330,,BENZOATE DE BENZYLE,BENZOATE DE BENZYLE,BENZOATE DE BENZYLE,BENZOATE DE BENZYLE,Drug,N/A,,
d6a5f6bc-be36-4cb0-a7eb-800ead2a6e91,,PARACETAMOL/CAFFEINE,PARACETAMOL/CAFFEINE,PARACETAMOL/CAFFEINE,PARACETAMOL/CAFFEINE,Drug,N/A,,
72ec4f30-0cbd-4c1b-8d72-5468282228d4,,PARACETAMOL,PARACETAMOL,PARACETAMOL,PARACETAMOL,Drug,N/A,,
265813b9-9453-4574-a076-babc74290a3b,,ACIDE ACETYL SALICYLIQUE,ACIDE ACETYL SALICYLIQUE,ACIDE ACETYL SALICYLIQUE,ACIDE ACETYL SALICYLIQUE,Drug,N/A,,
9b84d5b2-24ad-49b5-88ac-d15ae766f687,,ACIDE FOLIQUE,ACIDE FOLIQUE,ACIDE FOLIQUE,ACIDE FOLIQUE,Drug,N/A,,
0263b11a-260d-4efc-be01-1396e2118abc,,ACICLOVIR,ACICLOVIR,ACICLOVIR,ACICLOVIR,Drug,N/A,,
71734ef0-0494-4f5b-b243-43a87f280e85,,ATTAPULGITE DE MORMOIRON,ATTAPULGITE DE MORMOIRON,ATTAPULGITE DE MORMOIRON,ATTAPULGITE DE MORMOIRON,Drug,N/A,,
858909b5-f856-4093-81a3-590642156b98,,MAGNESIUM/ACIIDE ASCORBIQUE,MAGNESIUM/ACIIDE ASCORBIQUE,MAGNESIUM/ACIIDE ASCORBIQUE,MAGNESIUM/ACIIDE ASCORBIQUE,Drug,N/A,,
44d09068-eef4-4c2e-83f3-89da74d01624,,PARACETAMOL/TRIPROLIDINE/PSEUD,PARACETAMOL/TRIPROLIDINE/PSEUD,PARACETAMOL/TRIPROLIDINE/PSEUD,PARACETAMOL/TRIPROLIDINE/PSEUD,Drug,N/A,,
5bf89d55-a31b-4ff9-84ad-0e8bf0a854c0,,PIDOLATE DE MAGNESIUM,PIDOLATE DE MAGNESIUM,PIDOLATE DE MAGNESIUM,PIDOLATE DE MAGNESIUM,Drug,N/A,,
3cad02af-17ca-40bb-bd76-786ea560ae8f,,GLYCINE/ARGININE,GLYCINE/ARGININE,GLYCINE/ARGININE,GLYCINE/ARGININE,Drug,N/A,,
8e591bd9-15c0-4869-8a42-5bdd2dc13d5c,,NIFEDIPINE,NIFEDIPINE,NIFEDIPINE,NIFEDIPINE,Drug,N/A,,
ca27346a-62a2-4312-8e14-f67f3c125f99,,ETHINYLESTRADIOL/LEVONORGESTREL,ETHINYLESTRADIOL/LEVONORGESTREL,ETHINYLESTRADIOL/LEVONORGESTREL,ETHINYLESTRADIOL/LEVONORGESTREL,Drug,N/A,,
cd506e49-1361-4b47-a98c-e3fc13e1fbb8,,INDAPAMIDE,INDAPAMIDE,INDAPAMIDE,INDAPAMIDE,Drug,N/A,,
5e35684e-141e-4fd4-ba47-d6f5c9e613fc,,CEFADROXIL,CEFADROXIL,CEFADROXIL,CEFADROXIL,Drug,N/A,,
1aba703b-3622-4e4c-850b-f9ea7da5a9d6,,IBUPROFENE,IBUPROFENE,IBUPROFENE,IBUPROFENE,Drug,N/A,,
df688b92-4cc9-4856-96cb-ee36895151a7,,DESLORATADINE,DESLORATADINE,DESLORATADINE,DESLORATADINE,Drug,N/A,,
0fdfffdf-8aea-49b6-b566-cd2fd2a0eca0,,SALBUTAMOL,SALBUTAMOL,SALBUTAMOL,SALBUTAMOL,Drug,N/A,,
b44c1a05-98f3-4d96-828d-a88005b4852a,,LIDOCAINE/SULFATE DE ZINC,LIDOCAINE/SULFATE DE ZINC,LIDOCAINE/SULFATE DE ZINC,LIDOCAINE/SULFATE DE ZINC,Drug,N/A,,
20d6389f-3a63-4411-96a9-00f90610f773,,AMOXICILLINE,AMOXICILLINE,AMOXICILLINE,AMOXICILLINE,Drug,N/A,,
af0f1cf4-ea50-4f12-9c8a-3f5fb00b023a,,ACECLOFENAC,ACECLOFENAC,ACECLOFENAC,ACECLOFENAC,Drug,N/A,,
f9bef6ee-2bb2-4c95-b554-47393813a767,,CETIRIZINE,CETIRIZINE,CETIRIZINE,CETIRIZINE,Drug,N/A,,
52285eb5-02e8-448a-a993-78746e2bfee6,,ALBENDAZOLE,ALBENDAZOLE,ALBENDAZOLE,ALBENDAZOLE,Drug,N/A,,
3f4fd8d9-b27a-41ee-accd-37ae61d511aa,,SPIRINOLACTONE/ALTIZIDE,SPIRINOLACTONE/ALTIZIDE,SPIRINOLACTONE/ALTIZIDE,SPIRINOLACTONE/ALTIZIDE,Drug,N/A,,
4e9dd915-78f6-40be-8c7a-f48351847cab,,SPIRINOLACTONE,SPIRINOLACTONE,SPIRINOLACTONE,SPIRINOLACTONE,Drug,N/A,,
e7ef1434-8c4e-4dcf-85dc-6a5d5851742c,,METHYLDOPA,METHYLDOPA,METHYLDOPA,METHYLDOPA,Drug,N/A,,
31c470bb-8f2a-43cf-ae68-f03169358ab5,,METHYL DOPA,METHYL DOPA,METHYL DOPA,METHYL DOPA,Drug,N/A,,
6a343f7d-93b5-4239-957f-e772f1fdbe18,,CEFACLOR,CEFACLOR,CEFACLOR,CEFACLOR,Drug,N/A,,
acda75a6-7693-4b0d-94b8-d99a13b4358d,,ACIDE SALICYLIQUE/DIETHYLAMINE/M,ACIDE SALICYLIQUE/DIETHYLAMINE/M,ACIDE SALICYLIQUE/DIETHYLAMINE/M,ACIDE SALICYLIQUE/DIETHYLAMINE/M,Drug,N/A,,
39e83bdb-5648-4081-ae0b-fe2617df8f16,,AZELASTINE,AZELASTINE,AZELASTINE,AZELASTINE,Drug,N/A,,
b4431250-9cc3-46aa-afcc-b93277384462,,PROMETHAZINE,PROMETHAZINE,PROMETHAZINE,PROMETHAZINE,Drug,N/A,,
eeb58bfe-c8f3-4ce8-98d3-3ee19888cae1,,LODOXAMIDE,LODOXAMIDE,LODOXAMIDE,LODOXAMIDE,Drug,N/A,,
c8fde402-ff61-41bf-b173-896fb8bd2d20,,CETYLPYRIDINIUM/CHLOROBUTANOL/,CETYLPYRIDINIUM/CHLOROBUTANOL/,CETYLPYRIDINIUM/CHLOROBUTANOL/,CETYLPYRIDINIUM/CHLOROBUTANOL/,Drug,N/A,,
1df05667-3576-47e7-a535-877a13edbc0a,,ALPRAZOLAM,ALPRAZOLAM,ALPRAZOLAM,ALPRAZOLAM,Drug,N/A,,
a86e0fdd-b916-46ab-84be-5fb2ed2ec18c,,HYDROXIDE ALUMINIUM ET MAGNESIU,HYDROXIDE ALUMINIUM ET MAGNESIU,HYDROXIDE ALUMINIUM ET MAGNESIU,HYDROXIDE ALUMINIUM ET MAGNESIU,Drug,N/A,,
fed8a98c-aad2-4488-a9cd-edfa9afbf92a,,HYDROXIDE D'ALUMINIUM,HYDROXIDE D'ALUMINIUM,HYDROXIDE D'ALUMINIUM,HYDROXIDE D'ALUMINIUM,Drug,N/A,,
afd70e5f-1971-469a-9e0d-a6e367cf76fd,,MULTIVITAMINES,MULTIVITAMINES,MULTIVITAMINES,MULTIVITAMINES,Drug,N/A,,
df45496b-bcf6-452c-9786-5a0df787c306,,GLIMEPIRIDE,GLIMEPIRIDE,GLIMEPIRIDE,GLIMEPIRIDE,Drug,N/A,,
cbe9b972-fb19-413e-9cc7-cbfb44999c70,,GLIMEPIRIDE/METFORMINE,GLIMEPIRIDE/METFORMINE,GLIMEPIRIDE/METFORMINE,GLIMEPIRIDE/METFORMINE,Drug,N/A,,
61c4dc8b-2741-491f-a519-8eed5b5f545a,,AMBROXOL,AMBROXOL,AMBROXOL,AMBROXOL,Drug,N/A,,
b9d00837-bc68-4e44-aafb-f50242e5d964,,AMLODIPINE,AMLODIPINE,AMLODIPINE,AMLODIPINE,Drug,N/A,,
4827837b-8776-4101-a4b5-4abb03b543f3,,METRONIDAZOLE,METRONIDAZOLE,METRONIDAZOLE,METRONIDAZOLE,Drug,N/A,,
a27a2023-f83a-4dbb-acfc-11641a3338d1,,FER/ACIDE FOLIQUE/VIT B12,FER/ACIDE FOLIQUE/VIT B12,FER/ACIDE FOLIQUE/VIT B12,FER/ACIDE FOLIQUE/VIT B12,Drug,N/A,,
2cf0aef6-9b37-44cd-8fde-4edb188624d5,,ARTESUNATE/AMODIAQUINE,ARTESUNATE/AMODIAQUINE,ARTESUNATE/AMODIAQUINE,ARTESUNATE/AMODIAQUINE,Drug,N/A,,
4d96b30c-8d5f-42d6-9d91-11859bd3d344,,AMOXICILLINE/ACIDE CLAVULANIQUE,AMOXICILLINE/ACIDE CLAVULANIQUE,AMOXICILLINE/ACIDE CLAVULANIQUE,AMOXICILLINE/ACIDE CLAVULANIQUE,Drug,N/A,,
ee2a8da3-054e-4e81-b9e3-784cbc443095,,AMPICILLINE,AMPICILLINE,AMPICILLINE,AMPICILLINE,Drug,N/A,,
e7f0ba3d-84da-441c-a0ec-2d4bee4d2cb9,,CLOMIPRAMINE,CLOMIPRAMINE,CLOMIPRAMINE,CLOMIPRAMINE,Drug,N/A,,
bc3ecbc2-f82e-4cd4-ba0f-92d699491f1f,,DITHRANOL/ICTHYOLAMMONIUM/ACI,DITHRANOL/ICTHYOLAMMONIUM/ACI,DITHRANOL/ICTHYOLAMMONIUM/ACI,DITHRANOL/ICTHYOLAMMONIUM/ACI,Drug,N/A,,
c64cc814-5c1f-4dcb-83cd-269a0a23d0d7,,VIT B1 B6 B12,VIT B1 B6 B12,VIT B1 B6 B12,VIT B1 B6 B12,Drug,N/A,,
58d2c526-b2f7-4d1a-9391-9729542ccfa2,,CYPROTERONE,CYPROTERONE,CYPROTERONE,CYPROTERONE,Drug,N/A,,
b4220bfa-a365-472a-bbf4-39aa25e698be,,BACILLUS SUBTILIS,BACILLUS SUBTILIS,BACILLUS SUBTILIS,BACILLUS SUBTILIS,Drug,N/A,,
8f6ea8aa-e7bd-4a22-87aa-2ad65acd7e45,,DEQUALINIUM/ENOXOLONE/HYDROC,DEQUALINIUM/ENOXOLONE/HYDROC,DEQUALINIUM/ENOXOLONE/HYDROC,DEQUALINIUM/ENOXOLONE/HYDROC,Drug,N/A,,
2aaff732-fd21-4472-b017-4a549a15a297,,HEXETIDINE/CHLORBUTANOL,HEXETIDINE/CHLORBUTANOL,HEXETIDINE/CHLORBUTANOL,HEXETIDINE/CHLORBUTANOL,Drug,N/A,,
2f847b93-a44a-4e5d-ab1c-535e173fff09,,FLURBIPROFEN,FLURBIPROFEN,FLURBIPROFEN,FLURBIPROFEN,Drug,N/A,,
9e6d09cd-c3c9-47b5-a907-a0b8e7f0ebf7,,Fluocinolone/NEOMYCINE/POLYMYXIN,Fluocinolone/NEOMYCINE/POLYMYXIN,Fluocinolone/NEOMYCINE/POLYMYXIN,Fluocinolone/NEOMYCINE/POLYMYXIN,Drug,N/A,,
06accab9-ea06-4432-91aa-562e81455e50,,HYDROCORTISONE/NEOMYCINE/BENZ,HYDROCORTISONE/NEOMYCINE/BENZ,HYDROCORTISONE/NEOMYCINE/BENZ,HYDROCORTISONE/NEOMYCINE/BENZ,Drug,N/A,,
a3fdb228-f34f-448f-99ae-82bfd758192d,,NIFUROXAZIDE,NIFUROXAZIDE,NIFUROXAZIDE,NIFUROXAZIDE,Drug,N/A,,
00230b47-b064-487d-a50f-9e9490f7c1cf,,IRBESARTAN,IRBESARTAN,IRBESARTAN,IRBESARTAN,Drug,N/A,,
fd8fdbc8-ec74-4830-9bae-91606d00bde1,,VALSARTAN,VALSARTAN,VALSARTAN,VALSARTAN,Drug,N/A,,
4a0e4c28-94ec-46a4-8281-4e1afa80cc68,,ARGININE/THIAMINE/PYRIDOXINE,ARGININE/THIAMINE/PYRIDOXINE,ARGININE/THIAMINE/PYRIDOXINE,ARGININE/THIAMINE/PYRIDOXINE,Drug,N/A,,
40b746b5-d87c-4277-91fa-f5ad3ea54ee9,,VITELINATE D'ARGENT,VITELINATE D'ARGENT,VITELINATE D'ARGENT,VITELINATE D'ARGENT,Drug,N/A,,
81fbc472-a457-4f46-a3c9-b5656ff0c24e,,TRIHEXIPHENIDYLE,TRIHEXIPHENIDYLE,TRIHEXIPHENIDYLE,TRIHEXIPHENIDYLE,Drug,N/A,,
d4f3bdb1-ba60-4b2b-922e-048786c7ca70,,ARTEMETHER,ARTEMETHER,ARTEMETHER,ARTEMETHER,Drug,N/A,,
c9195bf6-e953-4189-a080-526915057a4a,,ARTESUNATE/MEFLOQUINE,ARTESUNATE/MEFLOQUINE,ARTESUNATE/MEFLOQUINE,ARTESUNATE/MEFLOQUINE,Drug,N/A,,
094d5229-d8f9-419c-9431-a14acca93a41,,ARTESUNATE,ARTESUNATE,ARTESUNATE,ARTESUNATE,Drug,N/A,,
d8fd31cf-0af1-4082-862e-43ad0802a5f5,,BENZOATE DE BENZYL/SULFIRAM,BENZOATE DE BENZYL/SULFIRAM,BENZOATE DE BENZYL/SULFIRAM,BENZOATE DE BENZYL/SULFIRAM,Drug,N/A,,
d594321e-0ad9-4b14-bd14-f90ebd211933,,SULFIRAME/BENZOATE DEBENZYLE/A,SULFIRAME/BENZOATE DEBENZYLE/A,SULFIRAME/BENZOATE DEBENZYLE/A,SULFIRAME/BENZOATE DEBENZYLE/A,Drug,N/A,,
a2422f14-3561-49d7-aa7c-98a77348810c,,CARBASALATE CALCIQUE,CARBASALATE CALCIQUE,CARBASALATE CALCIQUE,CARBASALATE CALCIQUE,Drug,N/A,,
4dca316b-ba9a-45f5-aeee-66f4f0af4fee,,PROPACETAMOL,PROPACETAMOL,PROPACETAMOL,PROPACETAMOL,Drug,N/A,,
d5019418-1c2c-4e93-98ae-b2ec2ec1d700,,ACIDE ACETYL SALICYLIQUE/ACIDE ASC,ACIDE ACETYL SALICYLIQUE/ACIDE ASC,ACIDE ACETYL SALICYLIQUE/ACIDE ASC,ACIDE ACETYL SALICYLIQUE/ACIDE ASC,Drug,N/A,,
6b01d8fe-b62b-414a-8d28-1f92ce4e5a95,,ACETYL SALICYLIQUE DE  LYSINE,ACETYL SALICYLIQUE DE  LYSINE,ACETYL SALICYLIQUE DE  LYSINE,ACETYL SALICYLIQUE DE  LYSINE,Drug,N/A,,
4cbe0c55-dd00-4291-a7a7-4a194ad06324,,ACETYL SALICYLATE DE  LYSINE,ACETYL SALICYLATE DE  LYSINE,ACETYL SALICYLATE DE  LYSINE,ACETYL SALICYLATE DE  LYSINE,Drug,N/A,,
77714fc4-b2ad-45a1-977c-a4710311c310,,FLUCLOXACILLINE,FLUCLOXACILLINE,FLUCLOXACILLINE,FLUCLOXACILLINE,Drug,N/A,,
b5baef21-4829-499a-8088-a3eb1db6d358,,ARTESUNATE/SULFAMETHOXYPYRAMIN,ARTESUNATE/SULFAMETHOXYPYRAMIN,ARTESUNATE/SULFAMETHOXYPYRAMIN,ARTESUNATE/SULFAMETHOXYPYRAMIN,Drug,N/A,,
a9c36219-b20d-4b65-81f1-f81923edac61,,CANDESARTAN,CANDESARTAN,CANDESARTAN,CANDESARTAN,Drug,N/A,,
fb5e1f80-7db5-4ad1-884f-d2af05729c13,,HYDROXIZINE,HYDROXIZINE,HYDROXIZINE,HYDROXIZINE,Drug,N/A,,
f9ae019f-348e-4f51-94b6-290b1bdea6c7,,HYDROXYZINE,HYDROXYZINE,HYDROXYZINE,HYDROXYZINE,Drug,N/A,,
e977c259-b3d6-43c8-9f1e-808ef75514f8,,ATENOLOL,ATENOLOL,ATENOLOL,ATENOLOL,Drug,N/A,,
548b0b37-57b4-4062-ba16-932848d845fc,,ATORVASTATINE,ATORVASTATINE,ATORVASTATINE,ATORVASTATINE,Drug,N/A,,
dcc1cc98-dec8-4ac4-bb24-477511fb4da8,,ATROPINE,ATROPINE,ATROPINE,ATROPINE,Drug,N/A,,
ca7dae89-62f7-483d-8568-d3da3039b7b8,,OXYMETAZOLINE,OXYMETAZOLINE,OXYMETAZOLINE,OXYMETAZOLINE,Drug,N/A,,
8bc83528-d825-4ee0-bbbb-9bef3dcb7de5,,PROPRANOLOL,PROPRANOLOL,PROPRANOLOL,PROPRANOLOL,Drug,N/A,,
0cc4828b-d3bd-4832-aca0-de722425023d,,MEBENDAZOLE,MEBENDAZOLE,MEBENDAZOLE,MEBENDAZOLE,Drug,N/A,,
bf56df18-0111-4f64-b75f-f2c99637f31d,,RANITIDINE,RANITIDINE,RANITIDINE,RANITIDINE,Drug,N/A,,
62de1186-4e25-4a5f-8a42-b6ceaf79be70,,AZITHROMYCINE,AZITHROMYCINE,AZITHROMYCINE,AZITHROMYCINE,Drug,N/A,,
403dee4a-6a90-457f-823f-157f3fe063a8,,AZIYTHROMICINE,AZIYTHROMICINE,AZIYTHROMICINE,AZIYTHROMICINE,Drug,N/A,,
f21c6f3a-dc41-4952-9170-1f246e489095,,BRINZOLAMIDE,BRINZOLAMIDE,BRINZOLAMIDE,BRINZOLAMIDE,Drug,N/A,,
ac9db887-deb5-46a8-a30a-4fd2050ff449,,AZITHROMYCINE DIHYDRATE,AZITHROMYCINE DIHYDRATE,AZITHROMYCINE DIHYDRATE,AZITHROMYCINE DIHYDRATE,Drug,N/A,,
e0b791ec-908f-42b5-ac50-ac7b60368189,,COMPLEXE VITAMINIQUE  B,COMPLEXE VITAMINIQUE  B,COMPLEXE VITAMINIQUE  B,COMPLEXE VITAMINIQUE  B,Drug,N/A,,
293b54fe-be9f-49f3-8629-0a482f3ebd03,,BACITRACINE/COLISTINE/HYDROCORTI,BACITRACINE/COLISTINE/HYDROCORTI,BACITRACINE/COLISTINE/HYDROCORTI,BACITRACINE/COLISTINE/HYDROCORTI,Drug,N/A,,
f7bdef9a-dafa-458a-b03a-b07afecab1e6,,IMIPENEME,IMIPENEME,IMIPENEME,IMIPENEME,Drug,N/A,,
5b513ee2-affa-4406-9a2b-77b12515cddf,,CIPROFLOXACINE,CIPROFLOXACINE,CIPROFLOXACINE,CIPROFLOXACINE,Drug,N/A,,
a29da473-9b5f-4412-be53-803e36a39232,,SULFAMETHOXAZOLE/TRIMETHOPRIME,SULFAMETHOXAZOLE/TRIMETHOPRIME,SULFAMETHOXAZOLE/TRIMETHOPRIME,SULFAMETHOXAZOLE/TRIMETHOPRIME,Drug,N/A,,
b2bd411a-0193-4c4e-8080-e318453bb154,,SULFAMETHOXAZOLE/TRIMETHOPRIM,SULFAMETHOXAZOLE/TRIMETHOPRIM,SULFAMETHOXAZOLE/TRIMETHOPRIM,SULFAMETHOXAZOLE/TRIMETHOPRIM,Drug,N/A,,
66686ad1-6b7d-45f2-81db-c8bf5e2e34ea,,COTRIMOXAZOLE,COTRIMOXAZOLE,COTRIMOXAZOLE,COTRIMOXAZOLE,Drug,N/A,,
925ff2aa-50bf-423d-b3d8-baeba6bfc5b0,,MUPIROCINE,MUPIROCINE,MUPIROCINE,MUPIROCINE,Drug,N/A,,
4659ac1b-ae30-41ad-94de-1568beeec1ae,,BROMURE DE CETHEXONIUM,BROMURE DE CETHEXONIUM,BROMURE DE CETHEXONIUM,BROMURE DE CETHEXONIUM,Drug,N/A,,
fe63d240-8485-4a2f-bd9e-706d4667d8d3,,BACITRACINE/NEOMYCINE,BACITRACINE/NEOMYCINE,BACITRACINE/NEOMYCINE,BACITRACINE/NEOMYCINE,Drug,N/A,,
2b0f445c-5247-4e1f-96ab-965b41074a31,,ANTECAVIR,ANTECAVIR,ANTECAVIR,ANTECAVIR,Drug,N/A,,
97fd902b-3db1-4229-b432-01283f5df31e,,SALICYLATE/MENTHOL,SALICYLATE/MENTHOL,SALICYLATE/MENTHOL,SALICYLATE/MENTHOL,Drug,N/A,,
5a4a6f21-2669-4879-bb6a-271788ad2e61,,SALICYLATE D'AMYLE/CAMPHRE,SALICYLATE D'AMYLE/CAMPHRE,SALICYLATE D'AMYLE/CAMPHRE,SALICYLATE D'AMYLE/CAMPHRE,Drug,N/A,,
0b62eba2-2a5f-4fe5-acc2-5be29706cd51,,CEFOTAXIM,CEFOTAXIM,CEFOTAXIM,CEFOTAXIM,Drug,N/A,,
0804ad86-89a0-449e-9ab7-19da968c089f,,BECLOMETHAZONE,BECLOMETHAZONE,BECLOMETHAZONE,BECLOMETHAZONE,Drug,N/A,,
bac45525-8473-4bd3-a3a1-4d01eda7a7da,,BEIDELLITIC MONTMORILLONITE,BEIDELLITIC MONTMORILLONITE,BEIDELLITIC MONTMORILLONITE,BEIDELLITIC MONTMORILLONITE,Drug,N/A,,
c0c73913-ea89-4ca0-b07c-3a52ba1db726,,BENZATHINE PENICILLINE,BENZATHINE PENICILLINE,BENZATHINE PENICILLINE,BENZATHINE PENICILLINE,Drug,N/A,,
9abeb97f-6616-4326-9d98-4e0fa30025a4,,POLYVIDONE IODEE,POLYVIDONE IODEE,POLYVIDONE IODEE,POLYVIDONE IODEE,Drug,N/A,,
c42ac683-3320-4839-ac1b-4737b64a76c1,,BETAHISTINE DICHLORHYDRATE,BETAHISTINE DICHLORHYDRATE,BETAHISTINE DICHLORHYDRATE,BETAHISTINE DICHLORHYDRATE,Drug,N/A,,
bfbd5f99-9dda-4925-893e-e04866b29630,,BETAXOLOL,BETAXOLOL,BETAXOLOL,BETAXOLOL,Drug,N/A,,
212ecb04-d248-44c0-91bf-9cb8fa9cf22e,,TROLAMINE,TROLAMINE,TROLAMINE,TROLAMINE,Drug,N/A,,
f6326c19-d908-44e7-a560-9a41eda3f782,,BISOPROLOL,BISOPROLOL,BISOPROLOL,BISOPROLOL,Drug,N/A,,
030d5045-874e-40ec-bf5b-241d3beb74af,,PRAZIQUANTEL,PRAZIQUANTEL,PRAZIQUANTEL,PRAZIQUANTEL,Drug,N/A,,
0321dc59-e0ee-4782-a50a-137ba0041929,,CLARITHROMYCINE,CLARITHROMYCINE,CLARITHROMYCINE,CLARITHROMYCINE,Drug,N/A,,
70c95ea7-99a5-4413-b78e-36c8d07a34a1,,DICLOFENAC,DICLOFENAC,DICLOFENAC,DICLOFENAC,Drug,N/A,,
a70c2c3e-2a8d-4948-9035-703e5b4a7a08,,FER/ACIDE FOLIQUE,FER/ACIDE FOLIQUE,FER/ACIDE FOLIQUE,FER/ACIDE FOLIQUE,Drug,N/A,,
3cbe6b17-0a90-421e-a6ed-ebcfdee84b4a,,SPIRAMYCINE,SPIRAMYCINE,SPIRAMYCINE,SPIRAMYCINE,Drug,N/A,,
76082d77-80a7-476e-a787-8facad3d6954,,DOMPERIDONE,DOMPERIDONE,DOMPERIDONE,DOMPERIDONE,Drug,N/A,,
8cc9b3ea-c2db-48ef-ae8d-15021542a2e7,,KETOPROFENE,KETOPROFENE,KETOPROFENE,KETOPROFENE,Drug,N/A,,
9a354a7a-cf9a-420b-835b-f48995f08025,,SPIRAMYCINE/METRONIDAZOLE,SPIRAMYCINE/METRONIDAZOLE,SPIRAMYCINE/METRONIDAZOLE,SPIRAMYCINE/METRONIDAZOLE,Drug,N/A,,
5df54cfe-f85f-4cc9-887d-0da67e44f6da,,ATENOLOL/CLORTALIDONE,ATENOLOL/CLORTALIDONE,ATENOLOL/CLORTALIDONE,ATENOLOL/CLORTALIDONE,Drug,N/A,,
8af63a8c-f87e-4d4f-9a0b-688f8bde5063,,TERBUTALINE,TERBUTALINE,TERBUTALINE,TERBUTALINE,Drug,N/A,,
d92d94cc-56a3-4a67-afef-0d44fe7e182d,,OXACILLINE,OXACILLINE,OXACILLINE,OXACILLINE,Drug,N/A,,
779dc1a1-fe54-4e05-862d-59dde5b74bab,,PHOLCODINE/CHLORPHENAMINE,PHOLCODINE/CHLORPHENAMINE,PHOLCODINE/CHLORPHENAMINE,PHOLCODINE/CHLORPHENAMINE,Drug,N/A,,
cb32672e-23ab-46c0-9c79-4c9f3238672c,,CARBOCISTEINE,CARBOCISTEINE,CARBOCISTEINE,CARBOCISTEINE,Drug,N/A,,
15bb3491-d66d-4478-b7cf-95eaa3afc7ef,,TRIMETHOPRIME/SULFAMETHOXAZOLE,TRIMETHOPRIME/SULFAMETHOXAZOLE,TRIMETHOPRIME/SULFAMETHOXAZOLE,TRIMETHOPRIME/SULFAMETHOXAZOLE,Drug,N/A,,
b3e4b716-b55b-43a9-ba66-53c8d4133065,,IBUPROFEN,IBUPROFEN,IBUPROFEN,IBUPROFEN,Drug,N/A,,
c0532b52-4519-47ae-9046-43309b8c951a,,PHENAZONE,PHENAZONE,PHENAZONE,PHENAZONE,Drug,N/A,,
c0d52475-d52f-4c5f-b0b2-2841c7309c65,,IBUPROFEN/PARACETAMOL,IBUPROFEN/PARACETAMOL,IBUPROFEN/PARACETAMOL,IBUPROFEN/PARACETAMOL,Drug,N/A,,
c41da908-72fd-4cbb-88fd-82c69910b4bc,,LIDOCAINE/ACIDE SALICYLIQUE,LIDOCAINE/ACIDE SALICYLIQUE,LIDOCAINE/ACIDE SALICYLIQUE,LIDOCAINE/ACIDE SALICYLIQUE,Drug,N/A,,
11681b29-be6b-4294-9990-59b9e5b37a1f,,BUDESONIDE,BUDESONIDE,BUDESONIDE,BUDESONIDE,Drug,N/A,,
3dc409ad-ccda-4b6d-be6f-96b64b0e1cc5,,VIT C/GLUCONATE DE CALCIUM,VIT C/GLUCONATE DE CALCIUM,VIT C/GLUCONATE DE CALCIUM,VIT C/GLUCONATE DE CALCIUM,Drug,N/A,,
d98466d2-d65b-460c-9a68-e85f1e6350e7,,CALCIUM/VIT D3/VIT B6/VIT C,CALCIUM/VIT D3/VIT B6/VIT C,CALCIUM/VIT D3/VIT B6/VIT C,CALCIUM/VIT D3/VIT B6/VIT C,Drug,N/A,,
f8d0dabe-132f-4bd4-bb6b-ca0f83f1fe21,,CALCIUM,CALCIUM,CALCIUM,CALCIUM,Drug,N/A,,
42d07ef4-5827-4c7e-a952-a24e2292ad03,,CA+VIT D3,CA+VIT D3,CA+VIT D3,CA+VIT D3,Drug,N/A,,
3dcd7afb-7e34-4034-bd05-bc5b96349a58,,METAMIZOLE  SODIQUE,METAMIZOLE  SODIQUE,METAMIZOLE  SODIQUE,METAMIZOLE  SODIQUE,Drug,N/A,,
b5162fba-cbc9-42fd-a678-c160c00c4686,,PIMETIXENE,PIMETIXENE,PIMETIXENE,PIMETIXENE,Drug,N/A,,
831f7c23-8b91-4d58-bb36-3dac75d5cf82,,DEXTROMETHORPHANE,DEXTROMETHORPHANE,DEXTROMETHORPHANE,DEXTROMETHORPHANE,Drug,N/A,,
358445c0-b7e1-45ca-a0cf-e8a8c41b0a27,,AMODIAQUINE/ARTESUNATE,AMODIAQUINE/ARTESUNATE,AMODIAQUINE/ARTESUNATE,AMODIAQUINE/ARTESUNATE,Drug,N/A,,
9aa65b4d-216d-4427-8c2f-67ab85e2bae1,,NYSTATINE,NYSTATINE,NYSTATINE,NYSTATINE,Drug,N/A,,
8c174aef-72e5-4b99-8c0e-1c0ed845b0fa,,CAPTOPRIL,CAPTOPRIL,CAPTOPRIL,CAPTOPRIL,Drug,N/A,,
6fd25fc1-4d40-48af-88cc-e18b5b457a92,,CAPTOPRIL/HYDROCHLOROTHIAZIDE,CAPTOPRIL/HYDROCHLOROTHIAZIDE,CAPTOPRIL/HYDROCHLOROTHIAZIDE,CAPTOPRIL/HYDROCHLOROTHIAZIDE,Drug,N/A,,
095421d2-6607-4bfa-ae3c-ce492df30257,,CHARBON ACTIVE,CHARBON ACTIVE,CHARBON ACTIVE,CHARBON ACTIVE,Drug,N/A,,
a2dc60d7-873b-4062-932b-b934d88f1110,,CARBAMAZEPINE,CARBAMAZEPINE,CARBAMAZEPINE,CARBAMAZEPINE,Drug,N/A,,
2ff4f027-9e20-404d-a900-ac6fe08b976c,,LEVURE DESHYDRATEE,LEVURE DESHYDRATEE,LEVURE DESHYDRATEE,LEVURE DESHYDRATEE,Drug,N/A,,
fc963609-7624-471a-9c82-946e8a60cc91,,CARBOCYSTEÏNE,CARBOCYSTEÏNE,CARBOCYSTEÏNE,CARBOCYSTEÏNE,Drug,N/A,,
eaaf10e1-7db1-463c-a2a7-5eb15f1c5f09,,CHARBON VEGETAL,CHARBON VEGETAL,CHARBON VEGETAL,CHARBON VEGETAL,Drug,N/A,,
8eeb1d02-0c90-4b5b-9989-3474e70f8acb,,ACEBUTOLOL,ACEBUTOLOL,ACEBUTOLOL,ACEBUTOLOL,Drug,N/A,,
a77ded4e-7468-4e05-888d-b47fe40e8890,,IMIDAPRIL,IMIDAPRIL,IMIDAPRIL,IMIDAPRIL,Drug,N/A,,
97f9d40e-3bc0-4913-867a-58b358851646,,DOXAZOSINE,DOXAZOSINE,DOXAZOSINE,DOXAZOSINE,Drug,N/A,,
2417f774-a067-49c0-a724-bbca270607a0,,CARVEDILOL,CARVEDILOL,CARVEDILOL,CARVEDILOL,Drug,N/A,,
c6ca0811-4930-4362-bbc8-affbfb470346,,AMOXICILLINE/BROMHEXINE,AMOXICILLINE/BROMHEXINE,AMOXICILLINE/BROMHEXINE,AMOXICILLINE/BROMHEXINE,Drug,N/A,,
d917df42-2b32-4c5a-ad0f-4559394dc6af,,PILOCARPINE,PILOCARPINE,PILOCARPINE,PILOCARPINE,Drug,N/A,,
0a9cfa36-d6fb-4743-8f9d-d9f5aa0ee846,,CARTEOLOL,CARTEOLOL,CARTEOLOL,CARTEOLOL,Drug,N/A,,
f0887ef5-1e53-413b-9677-70f09290403a,,INOSINE MONOPHOSPHATE,INOSINE MONOPHOSPHATE,INOSINE MONOPHOSPHATE,INOSINE MONOPHOSPHATE,Drug,N/A,,
e4c62a0e-4e62-46d3-97ef-92c6e364f28d,,ACETYL SALICYLATE DE SODIUM BICARB,ACETYL SALICYLATE DE SODIUM BICARB,ACETYL SALICYLATE DE SODIUM BICARB,ACETYL SALICYLATE DE SODIUM BICARB,Drug,N/A,,
90f4b8aa-a073-459b-a227-bca6ef439995,,CLONIDINE,CLONIDINE,CLONIDINE,CLONIDINE,Drug,N/A,,
1e5ead44-1971-4087-afb9-a8f618e6fe05,,PYRIDOXINE,PYRIDOXINE,PYRIDOXINE,PYRIDOXINE,Drug,N/A,,
b8bf865e-1346-4525-8995-8ba9fe381e5a,,VITAMINES C/D/B6/CALCIUM,VITAMINES C/D/B6/CALCIUM,VITAMINES C/D/B6/CALCIUM,VITAMINES C/D/B6/CALCIUM,Drug,N/A,,
04981742-3c8d-4386-853d-d567e5fb3b68,,BETAMETHAZONE/DEXCHLORPHENIRA,BETAMETHAZONE/DEXCHLORPHENIRA,BETAMETHAZONE/DEXCHLORPHENIRA,BETAMETHAZONE/DEXCHLORPHENIRA,Drug,N/A,,
604f48a3-f01e-4812-b22f-2fec2114da54,,BETAMETHASONE,BETAMETHASONE,BETAMETHASONE,BETAMETHASONE,Drug,N/A,,
9f17aa1a-290a-48dc-9ac5-bd786d87b2b7,,BETAMETHAZONE,BETAMETHAZONE,BETAMETHAZONE,BETAMETHAZONE,Drug,N/A,,
3932ea26-0575-46f2-8db8-6bb395a4ccf3,,XYLENE,XYLENE,XYLENE,XYLENE,Drug,N/A,,
ddb87acf-e83f-44e1-8d57-b2ee10a13e22,,CIPROFLOXACINE/FLUOCINOLONE,CIPROFLOXACINE/FLUOCINOLONE,CIPROFLOXACINE/FLUOCINOLONE,CIPROFLOXACINE/FLUOCINOLONE,Drug,N/A,,
e4afa905-3245-4087-91e8-70e92b4bcf4c,,DEXAMETHASONE/NEOMYCINE,DEXAMETHASONE/NEOMYCINE,DEXAMETHASONE/NEOMYCINE,DEXAMETHASONE/NEOMYCINE,Drug,N/A,,
93859396-83c2-415b-81a5-a41a1655a851,,NORFLOXACINE,NORFLOXACINE,NORFLOXACINE,NORFLOXACINE,Drug,N/A,,
c2ea3423-bd15-421f-9592-525c018d9944,,THEOPHYLLINE/EPHEDRINE/PHENOBA,THEOPHYLLINE/EPHEDRINE/PHENOBA,THEOPHYLLINE/EPHEDRINE/PHENOBA,THEOPHYLLINE/EPHEDRINE/PHENOBA,Drug,N/A,,
824a575e-631f-4518-a279-2906eb4bfc3a,,CHLOROCRESOL,CHLOROCRESOL,CHLOROCRESOL,CHLOROCRESOL,Drug,N/A,,
3f193915-1068-4953-8212-2fe578ffda17,,NIMOTUZUMAB,NIMOTUZUMAB,NIMOTUZUMAB,NIMOTUZUMAB,Drug,N/A,,
6d32ea55-9158-4b06-b7c6-b034640b5838,,CIMETIDINE,CIMETIDINE,CIMETIDINE,CIMETIDINE,Drug,N/A,,
6b299d11-30da-4916-9cad-4312fa30cfb7,,SULFAMETHOXAZOL/TRIMETHOPRIME,SULFAMETHOXAZOL/TRIMETHOPRIME,SULFAMETHOXAZOL/TRIMETHOPRIME,SULFAMETHOXAZOL/TRIMETHOPRIME,Drug,N/A,,
5125ca6b-dbf6-4c7f-bbed-12c46f7bc3e0,,CIPROFLAXACINE,CIPROFLAXACINE,CIPROFLAXACINE,CIPROFLAXACINE,Drug,N/A,,
7797e4c1-ff9f-4473-a24c-9266cf1c5cfe,,ARGININE/BETAINE,ARGININE/BETAINE,ARGININE/BETAINE,ARGININE/BETAINE,Drug,N/A,,
e9683254-26c5-49a6-af5e-0291b20d772f,,SIMVASTATINE,SIMVASTATINE,SIMVASTATINE,SIMVASTATINE,Drug,N/A,,
b814a5a7-d5c8-453a-8313-a5a7bbf121f8,,CEFOTAXIME,CEFOTAXIME,CEFOTAXIME,CEFOTAXIME,Drug,N/A,,
ce3d82f0-b58a-449b-af54-021ddc46523c,,LORATADINE,LORATADINE,LORATADINE,LORATADINE,Drug,N/A,,
2e4d0afe-2679-4971-9115-b14526f65603,,AMOXICILLINE/ACIDE CLAVULINIQUE,AMOXICILLINE/ACIDE CLAVULINIQUE,AMOXICILLINE/ACIDE CLAVULINIQUE,AMOXICILLINE/ACIDE CLAVULINIQUE,Drug,N/A,,
70fe7f87-432d-4eb5-aa5c-acc2b18ba3bc,,CLOMIFENE,CLOMIFENE,CLOMIFENE,CLOMIFENE,Drug,N/A,,
6cce96be-0360-4b5c-97f8-05ca1f62a94d,,CLOPIDOGREL,CLOPIDOGREL,CLOPIDOGREL,CLOPIDOGREL,Drug,N/A,,
68096430-7017-4976-9812-e279e459c78c,,CLOTRIMAZOLE,CLOTRIMAZOLE,CLOTRIMAZOLE,CLOTRIMAZOLE,Drug,N/A,,
6a4cd80b-57f4-44ff-b5fa-7377efa2f328,,AMOXICILLINE/ACIDE  CLAVULANIQUE,AMOXICILLINE/ACIDE  CLAVULANIQUE,AMOXICILLINE/ACIDE  CLAVULANIQUE,AMOXICILLINE/ACIDE  CLAVULANIQUE,Drug,N/A,,
46452f63-9a29-4d61-84fb-12a97fe19891,,IRBESARTAN/HYDROCHLOROTHIAZIDE,IRBESARTAN/HYDROCHLOROTHIAZIDE,IRBESARTAN/HYDROCHLOROTHIAZIDE,IRBESARTAN/HYDROCHLOROTHIAZIDE,Drug,N/A,,
77ed92ab-7e3b-4d48-bb6e-17a043eb94d9,,ARTESUNATE/(SULFAMETHOXYPYRAZIN,ARTESUNATE/(SULFAMETHOXYPYRAZIN,ARTESUNATE/(SULFAMETHOXYPYRAZIN,ARTESUNATE/(SULFAMETHOXYPYRAZIN,Drug,N/A,,
def2c8b4-37de-4918-89a9-9d350be70beb,,ARTESUNATE/LOMEFANTRINE,ARTESUNATE/LOMEFANTRINE,ARTESUNATE/LOMEFANTRINE,ARTESUNATE/LOMEFANTRINE,Drug,N/A,,
88a98874-38c2-480c-9c54-5dc26f88ad11,,ARTESUNATE + LUMEFANTRINE,ARTESUNATE + LUMEFANTRINE,ARTESUNATE + LUMEFANTRINE,ARTESUNATE + LUMEFANTRINE,Drug,N/A,,
605dc230-988c-4cdc-a2e6-4ca719130b1c,,ARTHEMETER/LUMEFANTRINE,ARTHEMETER/LUMEFANTRINE,ARTHEMETER/LUMEFANTRINE,ARTHEMETER/LUMEFANTRINE,Drug,N/A,,
ece761c3-9219-479e-89d0-7b786d41aa3d,,PARACETAMOL/CODEINE,PARACETAMOL/CODEINE,PARACETAMOL/CODEINE,PARACETAMOL/CODEINE,Drug,N/A,,
2f7ad01f-a5e3-4580-bf31-8daf9220cfb8,,ARTEMETHER/LUMEFANTRINE,ARTEMETHER/LUMEFANTRINE,ARTEMETHER/LUMEFANTRINE,ARTEMETHER/LUMEFANTRINE,Drug,N/A,,
ba950eb7-9dff-4698-a6a0-add020b925a9,,COLCHICINE,COLCHICINE,COLCHICINE,COLCHICINE,Drug,N/A,,
eb2ba392-e480-4408-9928-f241abbda82e,,HEXETIDINE,HEXETIDINE,HEXETIDINE,HEXETIDINE,Drug,N/A,,
d25ae684-4671-4a63-9522-5e61ada8abee,,CHLORHEXIDINE,CHLORHEXIDINE,CHLORHEXIDINE,CHLORHEXIDINE,Drug,N/A,,
ccf634c5-9ce1-416a-9128-238714d27a09,,METHYLTHIONINIUM/NAPHAZOLINE,METHYLTHIONINIUM/NAPHAZOLINE,METHYLTHIONINIUM/NAPHAZOLINE,METHYLTHIONINIUM/NAPHAZOLINE,Drug,N/A,,
95b6ebef-ee2d-406c-b1af-9f84f7be7280,,CHLORQUINALDOL/PROMESTRIENE,CHLORQUINALDOL/PROMESTRIENE,CHLORQUINALDOL/PROMESTRIENE,CHLORQUINALDOL/PROMESTRIENE,Drug,N/A,,
6f126999-a124-4360-ab2b-cb3948d50a85,,PROMESTRIENE,PROMESTRIENE,PROMESTRIENE,PROMESTRIENE,Drug,N/A,,
78ad7716-db03-4496-94f4-a1ce23363a7a,,THIOCOLCHICOSIDE,THIOCOLCHICOSIDE,THIOCOLCHICOSIDE,THIOCOLCHICOSIDE,Drug,N/A,,
dbb2518f-b9eb-4760-baab-3899787d9b05,,PYRANTEL,PYRANTEL,PYRANTEL,PYRANTEL,Drug,N/A,,
916ae8ee-5257-402c-80bc-6e1ffd7ae2df,,METFORMINE,METFORMINE,METFORMINE,METFORMINE,Drug,N/A,,
3cfba173-4668-4bec-b94b-c4a98095fcec,,AMIODARONE,AMIODARONE,AMIODARONE,AMIODARONE,Drug,N/A,,
c9bca9bc-c998-43f8-a654-831865f00ed9,,PREDNISOLONE,PREDNISOLONE,PREDNISOLONE,PREDNISOLONE,Drug,N/A,,
91375f68-fc30-4549-a780-7bef758a6caa,,BECLOMETASONE,BECLOMETASONE,BECLOMETASONE,BECLOMETASONE,Drug,N/A,,
736dce57-c50d-4562-bd75-bf4c79034e13,,MOLSIDOMINE,MOLSIDOMINE,MOLSIDOMINE,MOLSIDOMINE,Drug,N/A,,
b5b8642c-7049-4829-b4d8-2d3d64d46a8b,,DORSALAMIDE/TIMOLOL,DORSALAMIDE/TIMOLOL,DORSALAMIDE/TIMOLOL,DORSALAMIDE/TIMOLOL,Drug,N/A,,
39b3d0df-b151-4841-ba36-c1f8aeab67be,,PREDNISOLNE,PREDNISOLNE,PREDNISOLNE,PREDNISOLNE,Drug,N/A,,
977b9a3c-79ec-486a-8ad6-85756e86dde7,,SULFAMETHOXAZOLE + TRIMETHOPRIM,SULFAMETHOXAZOLE + TRIMETHOPRIM,SULFAMETHOXAZOLE + TRIMETHOPRIM,SULFAMETHOXAZOLE + TRIMETHOPRIM,Drug,N/A,,
f4198e82-03ff-47ef-a7c0-9f1d95d69d59,,CO-TRIMOXAZOLE,CO-TRIMOXAZOLE,CO-TRIMOXAZOLE,CO-TRIMOXAZOLE,Drug,N/A,,
f9c71139-e8e7-4b2d-af8d-45143e04bea5,,V B1,V B1,V B1,V B1,Drug,N/A,,
d4851f13-5202-4417-adb3-45c27ba85981,,PERINDOPRIL,PERINDOPRIL,PERINDOPRIL,PERINDOPRIL,Drug,N/A,,
7be2a84b-8c42-4d0c-a811-b7c57e4d3522,,SULFATE DE FER/ACIDEFOLIQUE,SULFATE DE FER/ACIDEFOLIQUE,SULFATE DE FER/ACIDEFOLIQUE,SULFATE DE FER/ACIDEFOLIQUE,Drug,N/A,,
5e7a2407-9ff0-499b-8ee6-7d9779e6a576,,CROMOGLICATE DE SODIUM,CROMOGLICATE DE SODIUM,CROMOGLICATE DE SODIUM,CROMOGLICATE DE SODIUM,Drug,N/A,,
30e11270-2271-4a37-8b18-e43ad1c94259,,HETEROSIDES STEROLIQUES,HETEROSIDES STEROLIQUES,HETEROSIDES STEROLIQUES,HETEROSIDES STEROLIQUES,Drug,N/A,,
389da3b8-3942-4d2f-bd76-73ab853aa98a,,DISETHIONATE D'HEXAMIDINE,DISETHIONATE D'HEXAMIDINE,DISETHIONATE D'HEXAMIDINE,DISETHIONATE D'HEXAMIDINE,Drug,N/A,,
a15e8756-d4dd-45a8-84f7-efdc4cf4b552,,CHLORHEXEDINE/HEXAMIDE/CHLORO,CHLORHEXEDINE/HEXAMIDE/CHLORO,CHLORHEXEDINE/HEXAMIDE/CHLORO,CHLORHEXEDINE/HEXAMIDE/CHLORO,Drug,N/A,,
5cd1a765-7685-4df0-8a0d-98ee6f56e0ce,,MISOPROSTOL,MISOPROSTOL,MISOPROSTOL,MISOPROSTOL,Drug,N/A,,
2c14dd32-d263-4cf8-bd66-38fb694e8fd7,,DIOSMINE,DIOSMINE,DIOSMINE,DIOSMINE,Drug,N/A,,
163da0ed-45ff-441c-a4d3-21b066e97724,,OMEPRAZOLE,OMEPRAZOLE,OMEPRAZOLE,OMEPRAZOLE,Drug,N/A,,
9d93b3f3-48c4-4754-bb98-1fb44d9bb971,,NACL  STABILISE,NACL  STABILISE,NACL  STABILISE,NACL  STABILISE,Drug,N/A,,
174567d9-8bfb-47ab-a020-9c73a50a16f0,,MICONAZOLE,MICONAZOLE,MICONAZOLE,MICONAZOLE,Drug,N/A,,
78174426-22aa-4d9c-af1e-b5719ba81ce4,,ODENSETRONE,ODENSETRONE,ODENSETRONE,ODENSETRONE,Drug,N/A,,
3623df06-30ee-4bff-99c5-1b5a32516615,,GLIBENCLAMIDE,GLIBENCLAMIDE,GLIBENCLAMIDE,GLIBENCLAMIDE,Drug,N/A,,
10c7f52c-224b-4be5-9173-c458f9ad7347,,DIHYDROARTEMISININE/PIPERAQUINE,DIHYDROARTEMISININE/PIPERAQUINE,DIHYDROARTEMISININE/PIPERAQUINE,DIHYDROARTEMISININE/PIPERAQUINE,Drug,N/A,,
0dcd76b9-6e06-49e6-b2fe-b73965291bb6,,TRIMEBUTINE,TRIMEBUTINE,TRIMEBUTINE,TRIMEBUTINE,Drug,N/A,,
c97dc702-5afa-4ec1-b160-4b51485b02e2,,MALEATE DE TRIMEBUTINE,MALEATE DE TRIMEBUTINE,MALEATE DE TRIMEBUTINE,MALEATE DE TRIMEBUTINE,Drug,N/A,,
39847e67-1875-4f98-be8d-041b20e17c34,,MEPHENESINE,MEPHENESINE,MEPHENESINE,MEPHENESINE,Drug,N/A,,
dc245454-d40e-4f7e-a826-9f1f9b312c73,,PARACETAMOL/ACIDE ACETYL SALICYLI,PARACETAMOL/ACIDE ACETYL SALICYLI,PARACETAMOL/ACIDE ACETYL SALICYLI,PARACETAMOL/ACIDE ACETYL SALICYLI,Drug,N/A,,
a4c09822-d5db-4179-9b96-d9e42e99bbb9,,VALPROATE DE SODIUM,VALPROATE DE SODIUM,VALPROATE DE SODIUM,VALPROATE DE SODIUM,Drug,N/A,,
fabef151-cccc-47fc-972b-1ba34f7a8349,,PREDINOSOLONE,PREDINOSOLONE,PREDINOSOLONE,PREDINOSOLONE,Drug,N/A,,
ea02ec5b-729a-4a6d-9f9d-3c3a75b7ecbd,,OLANZAPINE,OLANZAPINE,OLANZAPINE,OLANZAPINE,Drug,N/A,,
1f25e72f-28c1-48f0-acf3-9bbd56b47bb4,,LAURYL SULFATE DE SODIUM,LAURYL SULFATE DE SODIUM,LAURYL SULFATE DE SODIUM,LAURYL SULFATE DE SODIUM,Drug,N/A,,
4eb0828e-257a-4d92-b5c8-b8a9a957f160,,CLORURE DE BENZALKONIUM,CLORURE DE BENZALKONIUM,CLORURE DE BENZALKONIUM,CLORURE DE BENZALKONIUM,Drug,N/A,,
0d60a561-0ff5-47fa-b835-3757fccafe19,,SERTACONAZOLE NITRATE,SERTACONAZOLE NITRATE,SERTACONAZOLE NITRATE,SERTACONAZOLE NITRATE,Drug,N/A,,
f057eb4d-b3ea-4e1e-b1d0-179e5de73c7c,,SERTACONAZOLE,SERTACONAZOLE,SERTACONAZOLE,SERTACONAZOLE,Drug,N/A,,
1ebe0bed-4b0d-475c-a88d-a179b9b1dc7f,,FLUCONAZOLE,FLUCONAZOLE,FLUCONAZOLE,FLUCONAZOLE,Drug,N/A,,
97f31f55-94c6-4951-b6f5-5ce486b6d8af,,PREDNISOLONE SODIUM PHOSPHATE,PREDNISOLONE SODIUM PHOSPHATE,PREDNISOLONE SODIUM PHOSPHATE,PREDNISOLONE SODIUM PHOSPHATE,Drug,N/A,,
7714e2fc-8dbc-4c75-93fc-9f25e1f4e946,,DEXAMETHASONE,DEXAMETHASONE,DEXAMETHASONE,DEXAMETHASONE,Drug,N/A,,
cebdb2a0-b8e6-4493-82e3-bd709bf528ed,,GLICLAZIDE,GLICLAZIDE,GLICLAZIDE,GLICLAZIDE,Drug,N/A,,
46198aa7-06ce-42bf-8789-2b3034afd238,,CYPROTERONE/ETHINYL ESTRADIOL,CYPROTERONE/ETHINYL ESTRADIOL,CYPROTERONE/ETHINYL ESTRADIOL,CYPROTERONE/ETHINYL ESTRADIOL,Drug,N/A,,
3b4ddfb0-9fb6-4b79-a2c7-763586b562bc,,LOPERAMIDE,LOPERAMIDE,LOPERAMIDE,LOPERAMIDE,Drug,N/A,,
b558ff61-4bdf-4eb9-a967-5eea45e37317,,DIAZEPAM,DIAZEPAM,DIAZEPAM,DIAZEPAM,Drug,N/A,,
af19db18-4a05-4b84-b072-fbff4bcfc0c0,,PINAVERIUM,PINAVERIUM,PINAVERIUM,PINAVERIUM,Drug,N/A,,
04c72f28-f5e4-4adf-a257-ac9f2f23d592,,DICLOFENAC/PARACETAMOL,DICLOFENAC/PARACETAMOL,DICLOFENAC/PARACETAMOL,DICLOFENAC/PARACETAMOL,Drug,N/A,,
4ebd2add-3da4-467d-b73e-aea6ca7ec041,,ETAMSYLATE,ETAMSYLATE,ETAMSYLATE,ETAMSYLATE,Drug,N/A,,
a8184c4d-8a85-4ac4-aeb1-0d486004351b,,CHLORURE DE K,CHLORURE DE K,CHLORURE DE K,CHLORURE DE K,Drug,N/A,,
badc1b9c-03b2-4b65-abad-13afe2a298d6,,DIGOXINE,DIGOXINE,DIGOXINE,DIGOXINE,Drug,N/A,,
75fd04c5-8809-42dd-83e2-b7db9483fdd1,,THEOPHYLLINE,THEOPHYLLINE,THEOPHYLLINE,THEOPHYLLINE,Drug,N/A,,
5fce0983-ad63-4328-a16f-c69ee5f20f5a,,BROMPHENIRAMINE,BROMPHENIRAMINE,BROMPHENIRAMINE,BROMPHENIRAMINE,Drug,N/A,,
e41b8e25-01e6-4592-baa9-3d56a737913f,,BETAMETHASONE/ACIDE SALICYLIQUE,BETAMETHASONE/ACIDE SALICYLIQUE,BETAMETHASONE/ACIDE SALICYLIQUE,BETAMETHASONE/ACIDE SALICYLIQUE,Drug,N/A,,
d63cc587-e5e2-4fbd-aac4-2e6682199720,,DIPROPIONATE DEBETAMETHASONE/CL,DIPROPIONATE DEBETAMETHASONE/CL,DIPROPIONATE DEBETAMETHASONE/CL,DIPROPIONATE DEBETAMETHASONE/CL,Drug,N/A,,
1960a9f8-7d04-4f92-a526-26c18a9788fd,,LEVOSULPIRIDE,LEVOSULPIRIDE,LEVOSULPIRIDE,LEVOSULPIRIDE,Drug,N/A,,
6acd468b-13d8-4c03-b667-08edc12a5df6,,OXYBUTYNINE,OXYBUTYNINE,OXYBUTYNINE,OXYBUTYNINE,Drug,N/A,,
c8cba293-23d4-4e77-8e78-73d85347ed4a,,HYDROXOCOBALAMINE,HYDROXOCOBALAMINE,HYDROXOCOBALAMINE,HYDROXOCOBALAMINE,Drug,N/A,,
b9014a45-74a8-403a-8b11-bc30f2e1b3b5,,SULPIRIDE 100MG/2ML INJ B/6,SULPIRIDE 100MG/2ML INJ B/6,SULPIRIDE 100MG/2ML INJ B/6,SULPIRIDE 100MG/2ML INJ B/6,Drug,N/A,,
7e561d95-9c81-4503-ac9c-f5881eda8aa6,,SULPIRIDE,SULPIRIDE,SULPIRIDE,SULPIRIDE,Drug,N/A,,
e32f2cab-8e2b-48ff-b6ad-d2cd5f0fa831,,PARACETAMOL/ACIDE ASCORBIQUE/P,PARACETAMOL/ACIDE ASCORBIQUE/P,PARACETAMOL/ACIDE ASCORBIQUE/P,PARACETAMOL/ACIDE ASCORBIQUE/P,Drug,N/A,,
5edfd56e-94b5-46ae-a6a0-2916a3329ae3,,PARACETAMOL/PSEUDOEPHEDRINE,PARACETAMOL/PSEUDOEPHEDRINE,PARACETAMOL/PSEUDOEPHEDRINE,PARACETAMOL/PSEUDOEPHEDRINE,Drug,N/A,,
cdf57743-95f9-41bd-84cf-8da5a5808eae,,DOXYCYCLINE,DOXYCYCLINE,DOXYCYCLINE,DOXYCYCLINE,Drug,N/A,,
1fb86524-51b1-4068-997b-430669d30861,,PARACETAMOL/ACIDE ASCORBIQUE,PARACETAMOL/ACIDE ASCORBIQUE,PARACETAMOL/ACIDE ASCORBIQUE,PARACETAMOL/ACIDE ASCORBIQUE,Drug,N/A,,
0c730ba6-6b2c-4084-b29f-aefe798fd109,,TRAVOPROSTTIMOLOL,TRAVOPROSTTIMOLOL,TRAVOPROSTTIMOLOL,TRAVOPROSTTIMOLOL,Drug,N/A,,
5de6d4ac-3060-4800-b71d-b68e6a50b5dd,,LACTULOSE,LACTULOSE,LACTULOSE,LACTULOSE,Drug,N/A,,
51661b22-f0bc-470c-b9d2-7a1a62d1068d,,DYDROGESTERONE,DYDROGESTERONE,DYDROGESTERONE,DYDROGESTERONE,Drug,N/A,,
8c960140-210d-4c4e-8c3a-ae85978e3301,,MEBEVERINE,MEBEVERINE,MEBEVERINE,MEBEVERINE,Drug,N/A,,
b793b861-85c3-40f9-9f7a-38af082bd0c4,,EAU OXYGENEE,EAU OXYGENEE,EAU OXYGENEE,EAU OXYGENEE,Drug,N/A,,
aa637222-5c62-4c46-b525-d871648f4416,,ECONAZOLE,ECONAZOLE,ECONAZOLE,ECONAZOLE,Drug,N/A,,
84de0985-ba73-4329-a776-0c14b5dd4411,,VANCOMYCINE,VANCOMYCINE,VANCOMYCINE,VANCOMYCINE,Drug,N/A,,
d264dc91-9625-45f3-a8a7-1af196c8ec90,,PARACETAMOL/ACIDEASCORBIQUE,PARACETAMOL/ACIDEASCORBIQUE,PARACETAMOL/ACIDEASCORBIQUE,PARACETAMOL/ACIDEASCORBIQUE,Drug,N/A,,
4616f103-bb9e-45a4-bd2d-859707579012,,AMITRYPTILINE,AMITRYPTILINE,AMITRYPTILINE,AMITRYPTILINE,Drug,N/A,,
0c8c0398-e4cc-4d27-b3c0-44995484ba42,,OXALIPLATINE,OXALIPLATINE,OXALIPLATINE,OXALIPLATINE,Drug,N/A,,
65cf57e4-decb-4bd4-a488-17662a3dc16b,,CHLORHEXIDINE/CHLOROBUTANOL,CHLORHEXIDINE/CHLOROBUTANOL,CHLORHEXIDINE/CHLOROBUTANOL,CHLORHEXIDINE/CHLOROBUTANOL,Drug,N/A,,
7c69054a-21f1-40c8-be66-638a72af8bdd,,ENALAPRIL,ENALAPRIL,ENALAPRIL,ENALAPRIL,Drug,N/A,,
b6e524ca-056d-4e58-a217-cec587b364f5,,ENOXAPARINE,ENOXAPARINE,ENOXAPARINE,ENOXAPARINE,Drug,N/A,,
84bf38c7-63ee-4da7-af47-c9cd43fd140d,,ENALAPRIL/NITRENDIPINE,ENALAPRIL/NITRENDIPINE,ENALAPRIL/NITRENDIPINE,ENALAPRIL/NITRENDIPINE,Drug,N/A,,
81d5c433-bc37-4fd7-a7d6-c7cec41387cb,,DILOXANIDE/METRONIDAZOLE,DILOXANIDE/METRONIDAZOLE,DILOXANIDE/METRONIDAZOLE,DILOXANIDE/METRONIDAZOLE,Drug,N/A,,
a1c7a57c-6387-4ff6-8a4d-f8755c87faa0,,BACILLUS CLAUSII,BACILLUS CLAUSII,BACILLUS CLAUSII,BACILLUS CLAUSII,Drug,N/A,,
0b981edf-eed7-469e-9019-d8abd782333e,,ERYTHROMYCINE,ERYTHROMYCINE,ERYTHROMYCINE,ERYTHROMYCINE,Drug,N/A,,
acc763c4-3c6c-4c46-ab8c-192f93be589f,,ERYHTROMYCINE,ERYHTROMYCINE,ERYHTROMYCINE,ERYHTROMYCINE,Drug,N/A,,
4e93b996-6b28-45cb-8851-daf178bc9a85,,POLY VITAMINE/SELS MINERAUX/OLIG,POLY VITAMINE/SELS MINERAUX/OLIG,POLY VITAMINE/SELS MINERAUX/OLIG,POLY VITAMINE/SELS MINERAUX/OLIG,Drug,N/A,,
66d82921-196a-4f2c-a5a4-1caa4298f97f,,CROTAMITON,CROTAMITON,CROTAMITON,CROTAMITON,Drug,N/A,,
fe6fa00b-88a8-4fdd-9756-eb5a1881bfdd,,VITAMINE E,VITAMINE E,VITAMINE E,VITAMINE E,Drug,N/A,,
336dcc28-0498-4ac0-b1f8-60151a2d02eb,,ACIDE TRANEXAMIQUE,ACIDE TRANEXAMIQUE,ACIDE TRANEXAMIQUE,ACIDE TRANEXAMIQUE,Drug,N/A,,
967ae9c8-8488-410f-a578-8839becb824f,,NAFTIFINE,NAFTIFINE,NAFTIFINE,NAFTIFINE,Drug,N/A,,
1acae5e2-6e44-485c-a102-64f07643076c,,ACETYL CYSTEINE,ACETYL CYSTEINE,ACETYL CYSTEINE,ACETYL CYSTEINE,Drug,N/A,,
6eec37cf-4080-4541-8dc8-2cfa4f08f54a,,BENZATHINEBENZYLPENICILLINE,BENZATHINEBENZYLPENICILLINE,BENZATHINEBENZYLPENICILLINE,BENZATHINEBENZYLPENICILLINE,Drug,N/A,,
6a8b0243-8614-4931-812b-85ee8ee5564b,,ARTESUNATE + AMODIAQUINE,ARTESUNATE + AMODIAQUINE,ARTESUNATE + AMODIAQUINE,ARTESUNATE + AMODIAQUINE,Drug,N/A,,
40c5fbaa-76e0-4d88-a174-101064218188,,FAMOTIDINE,FAMOTIDINE,FAMOTIDINE,FAMOTIDINE,Drug,N/A,,
e0a69f53-5a82-4538-882a-7d5446cc9e31,,SULFADOXINE/PYRIMETHAMINE,SULFADOXINE/PYRIMETHAMINE,SULFADOXINE/PYRIMETHAMINE,SULFADOXINE/PYRIMETHAMINE,Drug,N/A,,
9a2c1419-068c-44fd-8951-82d9aa393eb0,,ISOCONAZOLE,ISOCONAZOLE,ISOCONAZOLE,ISOCONAZOLE,Drug,N/A,,
0ddc244f-de75-4b89-9cb2-b1f1c7c0a10d,,PARACETAMOL/DEXTRO,PARACETAMOL/DEXTRO,PARACETAMOL/DEXTRO,PARACETAMOL/DEXTRO,Drug,N/A,,
b18287d1-50f1-4203-917f-ac6c321c0263,,PIROXICAM,PIROXICAM,PIROXICAM,PIROXICAM,Drug,N/A,,
0307964b-de74-462a-a105-8e2b3970c30b,,ACIDE MEFENAMIQUE,ACIDE MEFENAMIQUE,ACIDE MEFENAMIQUE,ACIDE MEFENAMIQUE,Drug,N/A,,
e47c07eb-bab5-49b0-948f-db88e71b6649,,FER,FER,FER,FER,Drug,N/A,,
93cdfe00-ced0-483c-a5fa-0e9a2e979c9e,,FER FUMARATE/ACIDE FOLIQUE,FER FUMARATE/ACIDE FOLIQUE,FER FUMARATE/ACIDE FOLIQUE,FER FUMARATE/ACIDE FOLIQUE,Drug,N/A,,
770faa04-0120-4ef6-8ee9-66c0f227d332,,FER/VIT B12/ACIDE FOLIQUE,FER/VIT B12/ACIDE FOLIQUE,FER/VIT B12/ACIDE FOLIQUE,FER/VIT B12/ACIDE FOLIQUE,Drug,N/A,,
e843481a-1243-494e-ab76-6828a70245bc,,FUMARATE DE FER,FUMARATE DE FER,FUMARATE DE FER,FUMARATE DE FER,Drug,N/A,,
689bdc71-8eb0-4179-8f67-683c93711e80,,SODIUM DE FEREDETATE,SODIUM DE FEREDETATE,SODIUM DE FEREDETATE,SODIUM DE FEREDETATE,Drug,N/A,,
e68a211a-0e68-431d-b410-b99a2d9c691d,,PHENORAMINE/PARACETAMOL/ACID,PHENORAMINE/PARACETAMOL/ACID,PHENORAMINE/PARACETAMOL/ACID,PHENORAMINE/PARACETAMOL/ACID,Drug,N/A,,
953fa035-f95e-49f9-a33c-b7cc107af883,,FER/B12/AC.FOLIQUE/VIT C/B6/ZINC/,FER/B12/AC.FOLIQUE/VIT C/B6/ZINC/,FER/B12/AC.FOLIQUE/VIT C/B6/ZINC/,FER/B12/AC.FOLIQUE/VIT C/B6/ZINC/,Drug,N/A,,
7c9c03bd-f1f9-4cf2-9586-93b4961d1e2c,,AMLODIPINE/ATENELOL,AMLODIPINE/ATENELOL,AMLODIPINE/ATENELOL,AMLODIPINE/ATENELOL,Drug,N/A,,
4bff570d-b7d6-414e-9f91-c038cefdb447,,SECNIDAZOLE,SECNIDAZOLE,SECNIDAZOLE,SECNIDAZOLE,Drug,N/A,,
5b27fefd-43a1-4e24-abfa-0e5c89b9c283,,SULFADIAZINE,SULFADIAZINE,SULFADIAZINE,SULFADIAZINE,Drug,N/A,,
ee39f23b-556d-4e58-9b09-7bed102ef6ef,,ACIDE TIAPROFENIQUE,ACIDE TIAPROFENIQUE,ACIDE TIAPROFENIQUE,ACIDE TIAPROFENIQUE,Drug,N/A,,
8c94ab60-41d6-4545-8091-24445c967a85,,FLUTICASONE,FLUTICASONE,FLUTICASONE,FLUTICASONE,Drug,N/A,,
43a8ae3b-a764-472a-9bff-96420fe6873c,,DICLOFENAC/CHOLESTYRAMINE COMP,DICLOFENAC/CHOLESTYRAMINE COMP,DICLOFENAC/CHOLESTYRAMINE COMP,DICLOFENAC/CHOLESTYRAMINE COMP,Drug,N/A,,
7861e43f-ac8b-4eb6-ad64-4bb467e769a0,,FLOXACILLINE,FLOXACILLINE,FLOXACILLINE,FLOXACILLINE,Drug,N/A,,
76112d4e-cc5a-43ca-806c-8f0e218b187a,,FLUCONASOLE,FLUCONASOLE,FLUCONASOLE,FLUCONASOLE,Drug,N/A,,
aeb5a211-06d9-4ace-9055-80f4328405dc,,FLUOROMETHOLONE,FLUOROMETHOLONE,FLUOROMETHOLONE,FLUOROMETHOLONE,Drug,N/A,,
f0720ee2-c49c-4de0-8887-51e4abf3ee36,,FLUOXETINE,FLUOXETINE,FLUOXETINE,FLUOXETINE,Drug,N/A,,
b65ef188-4091-4986-b0b3-cd2dc1b1ec75,,CARBOCYSTEINE,CARBOCYSTEINE,CARBOCYSTEINE,CARBOCYSTEINE,Drug,N/A,,
1a55e5aa-f554-4bcd-a390-e70fd1e18f03,,BROMHYDRATE DE DEXTROMETHORPH,BROMHYDRATE DE DEXTROMETHORPH,BROMHYDRATE DE DEXTROMETHORPH,BROMHYDRATE DE DEXTROMETHORPH,Drug,N/A,,
d147f6cd-dd98-4a08-aac5-14b158b671c8,,FLUBENDAZOLE,FLUBENDAZOLE,FLUBENDAZOLE,FLUBENDAZOLE,Drug,N/A,,
c1cb5a30-8826-4ae0-aeab-207906153625,,SULFATE FERREUX/AC FOLIQUE,SULFATE FERREUX/AC FOLIQUE,SULFATE FERREUX/AC FOLIQUE,SULFATE FERREUX/AC FOLIQUE,Drug,N/A,,
fd4b639f-6ec9-4d26-89b2-e3059dd348cd,,FORMOTEROL/BUDESONIDE,FORMOTEROL/BUDESONIDE,FORMOTEROL/BUDESONIDE,FORMOTEROL/BUDESONIDE,Drug,N/A,,
9ffef31c-689d-4876-adc2-7155f91c6ab4,,MACROGOL 4000,MACROGOL 4000,MACROGOL 4000,MACROGOL 4000,Drug,N/A,,
07bb3e1a-886e-49fc-85f3-7d158329c7ed,,FRAMYCETINE/DEXAMETAHASONE,FRAMYCETINE/DEXAMETAHASONE,FRAMYCETINE/DEXAMETAHASONE,FRAMYCETINE/DEXAMETAHASONE,Drug,N/A,,
28733d69-55dc-4376-aa52-e99f5accb9ab,,ACIDE FUCIDIQUE,ACIDE FUCIDIQUE,ACIDE FUCIDIQUE,ACIDE FUCIDIQUE,Drug,N/A,,
e0549fe0-ba15-4b7a-a0de-da7d9e940fee,,AMPHOTERICINE B,AMPHOTERICINE B,AMPHOTERICINE B,AMPHOTERICINE B,Drug,N/A,,
9b12b9f9-7856-4964-9c25-3ce96548b665,,FUROSEMIDE,FUROSEMIDE,FUROSEMIDE,FUROSEMIDE,Drug,N/A,,
fbd203c4-4a35-48fc-ac66-c69b6ae2bc27,,MAGNESIUM/VITAMINE B6,MAGNESIUM/VITAMINE B6,MAGNESIUM/VITAMINE B6,MAGNESIUM/VITAMINE B6,Drug,N/A,,
cfd27763-3359-42ec-9fc3-80dcaa753d44,,PHENOBARBITAL,PHENOBARBITAL,PHENOBARBITAL,PHENOBARBITAL,Drug,N/A,,
f85e526b-8a3c-4c71-8de9-d5c538c1000d,,MORMOIRON ACTIVE/ALUMINIUM/M,MORMOIRON ACTIVE/ALUMINIUM/M,MORMOIRON ACTIVE/ALUMINIUM/M,MORMOIRON ACTIVE/ALUMINIUM/M,Drug,N/A,,
ee5c64fd-6fa9-4212-b5ae-a5c41bf87f92,,ALGINATE DE SODIUM,ALGINATE DE SODIUM,ALGINATE DE SODIUM,ALGINATE DE SODIUM,Drug,N/A,,
0d2f8c3f-ee73-47bc-bb53-0f6640ac12b6,,GENTAMYCINE,GENTAMYCINE,GENTAMYCINE,GENTAMYCINE,Drug,N/A,,
0d4551df-664c-48f1-a5bb-9b600dadf6b9,,RAMIPRIL,RAMIPRIL,RAMIPRIL,RAMIPRIL,Drug,N/A,,
703067cf-5a3d-4b5a-89c7-cc86c4f61dbd,,HYDROMELLOSE,HYDROMELLOSE,HYDROMELLOSE,HYDROMELLOSE,Drug,N/A,,
5f525cb2-9816-4980-89e0-2f9c798013b3,,GINKGOBILOBA/HEPTAMINOL/TROX,GINKGOBILOBA/HEPTAMINOL/TROX,GINKGOBILOBA/HEPTAMINOL/TROX,GINKGOBILOBA/HEPTAMINOL/TROX,Drug,N/A,,
c6f41f88-9ba9-4958-a741-0b14dfcdc8aa,,GONADO TROPHINE CHORIONIQUE,GONADO TROPHINE CHORIONIQUE,GONADO TROPHINE CHORIONIQUE,GONADO TROPHINE CHORIONIQUE,Drug,N/A,,
a93b9bd2-e69a-4ade-84d1-b8ab25ee012b,,LENOGRASTIM,LENOGRASTIM,LENOGRASTIM,LENOGRASTIM,Drug,N/A,,
013b93af-3706-4663-b506-9db90706b94c,,VIBRAMYCYNE,VIBRAMYCYNE,VIBRAMYCYNE,VIBRAMYCYNE,Drug,N/A,,
a55f14bc-0d09-40fa-8301-2b35c745cb77,,GRISEOFULVINE,GRISEOFULVINE,GRISEOFULVINE,GRISEOFULVINE,Drug,N/A,,
f3c941df-cf61-43d9-9f53-c1bdf2e3614e,,ERGOTAMINE/CAFEINE,ERGOTAMINE/CAFEINE,ERGOTAMINE/CAFEINE,ERGOTAMINE/CAFEINE,Drug,N/A,,
e6bb9837-45f1-444a-801b-bc41a38b7815,,METRONIDAZOLE/NEOMYCINE/NYSTAT,METRONIDAZOLE/NEOMYCINE/NYSTAT,METRONIDAZOLE/NEOMYCINE/NYSTAT,METRONIDAZOLE/NEOMYCINE/NYSTAT,Drug,N/A,,
3eca8c05-bd00-4800-8cc3-771a4c7d6599,,HALOPERIDOL,HALOPERIDOL,HALOPERIDOL,HALOPERIDOL,Drug,N/A,,
7939dd25-491b-4702-a4d8-282055b4aa93,,HELICIDINE,HELICIDINE,HELICIDINE,HELICIDINE,Drug,N/A,,
faa30bc4-c112-4858-9eb2-0780a808bd0d,,AMOXICILLINE/METRONIDAZOLE,AMOXICILLINE/METRONIDAZOLE,AMOXICILLINE/METRONIDAZOLE,AMOXICILLINE/METRONIDAZOLE,Drug,N/A,,
b3b60bc2-823a-4ad9-8870-30cbdc9962a4,,ESCULOSIDE BENZOCAINE/HYDROCORT,ESCULOSIDE BENZOCAINE/HYDROCORT,ESCULOSIDE BENZOCAINE/HYDROCORT,ESCULOSIDE BENZOCAINE/HYDROCORT,Drug,N/A,,
3bec752f-f108-4c9b-87a0-04a4d9b7d1cd,,HEPARINE SODIQUE,HEPARINE SODIQUE,HEPARINE SODIQUE,HEPARINE SODIQUE,Drug,N/A,,
e94a7f7b-50ec-44bb-afa2-3e07d2120bd1,,HEPTAMINOL,HEPTAMINOL,HEPTAMINOL,HEPTAMINOL,Drug,N/A,,
b420e210-c8bf-4cbc-a082-e429a81c1f90,,BICLOTYMOL/CHLORPHENIRAMINE/PH,BICLOTYMOL/CHLORPHENIRAMINE/PH,BICLOTYMOL/CHLORPHENIRAMINE/PH,BICLOTYMOL/CHLORPHENIRAMINE/PH,Drug,N/A,,
12908d81-8cd5-4384-8d88-2c988c46f57c,,BICLOTYMOL,BICLOTYMOL,BICLOTYMOL,BICLOTYMOL,Drug,N/A,,
475712f9-47bb-4a60-8266-9780792419ee,,DIISETIONATE D'HEXAMIDINE,DIISETIONATE D'HEXAMIDINE,DIISETIONATE D'HEXAMIDINE,DIISETIONATE D'HEXAMIDINE,Drug,N/A,,
e7235727-eb46-4581-bfe9-e57026710354,,HEXAMIDINE,HEXAMIDINE,HEXAMIDINE,HEXAMIDINE,Drug,N/A,,
5206ec94-3532-48b5-9252-7b8ed48ed101,,HYDROCORTISONE,HYDROCORTISONE,HYDROCORTISONE,HYDROCORTISONE,Drug,N/A,,
e4e2ffb6-fc05-4293-9e8b-efc64d8f15e0,,BUTYL HYOCINE,BUTYL HYOCINE,BUTYL HYOCINE,BUTYL HYOCINE,Drug,N/A,,
611316c0-9149-4473-8058-4976e28de4c8,,CANDESARTAN CILEXETIL/HYDROCHLO,CANDESARTAN CILEXETIL/HYDROCHLO,CANDESARTAN CILEXETIL/HYDROCHLO,CANDESARTAN CILEXETIL/HYDROCHLO,Drug,N/A,,
0f2737a5-c903-4195-ad2e-98b98409e2d2,,LOSARTAN/HYDROCHLOROTHIAZIDE,LOSARTAN/HYDROCHLOROTHIAZIDE,LOSARTAN/HYDROCHLOROTHIAZIDE,LOSARTAN/HYDROCHLOROTHIAZIDE,Drug,N/A,,
d425a9d0-65dc-441b-bb4c-6b2fd4dc8624,,ISRADIPINE,ISRADIPINE,ISRADIPINE,ISRADIPINE,Drug,N/A,,
b27bfe04-5d4d-4b67-b1ac-4fb944b06083,,CARBONATE DU CALCIUM/VIT D3,CARBONATE DU CALCIUM/VIT D3,CARBONATE DU CALCIUM/VIT D3,CARBONATE DU CALCIUM/VIT D3,Drug,N/A,,
abe3c441-aadf-47c6-9a88-ea7d80e7b09e,,ANTI D,ANTI D,ANTI D,ANTI D,Drug,N/A,,
e89942f2-c221-4b2d-a20b-3eb9e0004922,,INDOMETACINE,INDOMETACINE,INDOMETACINE,INDOMETACINE,Drug,N/A,,
23bd80ba-50b4-4f4c-a818-78b2fee59edf,,ESOMEPRAZOL,ESOMEPRAZOL,ESOMEPRAZOL,ESOMEPRAZOL,Drug,N/A,,
4eea2c51-7a74-48be-9551-3b0b19614e81,,INTERFERON ALPHA,INTERFERON ALPHA,INTERFERON ALPHA,INTERFERON ALPHA,Drug,N/A,,
cb41a09c-d2a8-4cb3-aa7b-8b7b7fb42d88,,INSULINE HUMAINE,INSULINE HUMAINE,INSULINE HUMAINE,INSULINE HUMAINE,Drug,N/A,,
e260fbd5-33e8-40c4-b6d2-f227c7542870,,TILIQUINOL,TILIQUINOL,TILIQUINOL,TILIQUINOL,Drug,N/A,,
4bba8641-61fe-4e2a-9201-f165b84329b2,,APRACLONIDINE,APRACLONIDINE,APRACLONIDINE,APRACLONIDINE,Drug,N/A,,
255aa593-7d69-48ad-8db9-c6bfdb46d5cd,,ISOSORBIDE DI NITRATE,ISOSORBIDE DI NITRATE,ISOSORBIDE DI NITRATE,ISOSORBIDE DI NITRATE,Drug,N/A,,
be0327c7-02dd-44d8-9045-3904a1bb4ac8,,METHYLCLOROTHIAZIDE/TRIAMTERENE,METHYLCLOROTHIAZIDE/TRIAMTERENE,METHYLCLOROTHIAZIDE/TRIAMTERENE,METHYLCLOROTHIAZIDE/TRIAMTERENE,Drug,N/A,,
ae079065-69a9-4c51-9a8c-d7babebda31d,,FRAMYCETINE,FRAMYCETINE,FRAMYCETINE,FRAMYCETINE,Drug,N/A,,
7e77f007-e005-4a0c-8c3b-3e1582759fae,,PREDNISONE,PREDNISONE,PREDNISONE,PREDNISONE,Drug,N/A,,
3860f88d-f8f0-4142-9ab9-70a8ef4f1de8,,VERAPAMIL,VERAPAMIL,VERAPAMIL,VERAPAMIL,Drug,N/A,,
98c13453-7e5f-4276-92ee-a67652b16710,,JOSAMYCINE,JOSAMYCINE,JOSAMYCINE,JOSAMYCINE,Drug,N/A,,
357cd116-e520-41f5-bf06-3f4c504e2c16,,JOSACINE,JOSACINE,JOSACINE,JOSACINE,Drug,N/A,,
56c5a28d-ccdc-4bb5-9ef9-03f9cbbd0ea9,,CHLORURE DE POTASSIUM,CHLORURE DE POTASSIUM,CHLORURE DE POTASSIUM,CHLORURE DE POTASSIUM,Drug,N/A,,
0436c7a9-5830-469f-80b7-07103934b44b,,Cefotaxine,Cefotaxine,Cefotaxine,Cefotaxine,Drug,N/A,,
b91cb5c2-3521-481a-b233-e1792ecf74fd,,TRIAMCINOLONE,TRIAMCINOLONE,TRIAMCINOLONE,TRIAMCINOLONE,Drug,N/A,,
9ccc333c-5f18-4155-aa89-3a0d70b03148,,KETOCONAZOLE,KETOCONAZOLE,KETOCONAZOLE,KETOCONAZOLE,Drug,N/A,,
7b7f67d7-8cb3-4300-98d5-061db1ba522b,,Phloroglucinol,Phloroglucinol,Phloroglucinol,Phloroglucinol,Drug,N/A,,
ac9c526d-bf69-4034-b7a4-38fa52cd3258,,Paracetamol/Cafeine,Paracetamol/Cafeine,Paracetamol/Cafeine,Paracetamol/Cafeine,Drug,N/A,,
b7b88cec-3cda-4342-98ca-ebd8c412a54d,,Dextromethorphane/Paracetamol,Dextromethorphane/Paracetamol,Dextromethorphane/Paracetamol,Dextromethorphane/Paracetamol,Drug,N/A,,
df430901-d2c9-4476-8690-ace640f9c41e,,Kitoconazole,Kitoconazole,Kitoconazole,Kitoconazole,Drug,N/A,,
d1b41343-b2f6-4ee0-8332-5519dd068daf,,TERBINAFINE,TERBINAFINE,TERBINAFINE,TERBINAFINE,Drug,N/A,,
a5fdafe6-6875-40d9-b111-df9a34f698b6,,LANSOPRAZOLE,LANSOPRAZOLE,LANSOPRAZOLE,LANSOPRAZOLE,Drug,N/A,,
cd70d81e-e788-46e0-9fb7-617e73ff320d,,LANZOPRAZOLE,LANZOPRAZOLE,LANZOPRAZOLE,LANZOPRAZOLE,Drug,N/A,,
a1bbb293-db77-4801-98a9-1f0e999df7a8,,CHLORPROMAZINE,CHLORPROMAZINE,CHLORPROMAZINE,CHLORPROMAZINE,Drug,N/A,,
9e6d812d-2ea7-4f77-a9dc-0b63fc2dcc6a,,CHLORURE DE SODIUM,CHLORURE DE SODIUM,CHLORURE DE SODIUM,CHLORURE DE SODIUM,Drug,N/A,,
5820d4e1-3e57-4b43-a7e3-32f2cc1bb1fd,,ACIDE ASCORBIQUE,ACIDE ASCORBIQUE,ACIDE ASCORBIQUE,ACIDE ASCORBIQUE,Drug,N/A,,
f3f6c611-e762-4810-ae7d-78ad7c5e3a0b,,AMITRYPTILLINE,AMITRYPTILLINE,AMITRYPTILLINE,AMITRYPTILLINE,Drug,N/A,,
c1ce8783-c572-4f2f-965f-1c0b60ee4592,,LEVOFLOXACINE,LEVOFLOXACINE,LEVOFLOXACINE,LEVOFLOXACINE,Drug,N/A,,
2fc32f20-032a-4ef9-b0c6-78bd3766344a,,LEVOTHYROXINE,LEVOTHYROXINE,LEVOTHYROXINE,LEVOTHYROXINE,Drug,N/A,,
85c79ae9-4cea-44fb-bdfa-b142ed8bbda6,,THYROXINE,THYROXINE,THYROXINE,THYROXINE,Drug,N/A,,
e2026fa3-a5d2-456a-8c67-f747644a9015,,BROMAZEPAM,BROMAZEPAM,BROMAZEPAM,BROMAZEPAM,Drug,N/A,,
6d7d1c74-c680-4530-996c-9b4ec7e97b3f,,CHLORDIAZEPOXIDE/CLIDINIUM,CHLORDIAZEPOXIDE/CLIDINIUM,CHLORDIAZEPOXIDE/CLIDINIUM,CHLORDIAZEPOXIDE/CLIDINIUM,Drug,N/A,,
abb51d25-47f5-44ea-b9b5-e30a0414ee0e,,LIDOCAINE,LIDOCAINE,LIDOCAINE,LIDOCAINE,Drug,N/A,,
4edcc110-6f23-4e3d-943f-b61900e923a8,,LINCOMYCINE,LINCOMYCINE,LINCOMYCINE,LINCOMYCINE,Drug,N/A,,
6f042038-56a4-4ded-81bb-8e40be986380,,LISINOPRIL,LISINOPRIL,LISINOPRIL,LISINOPRIL,Drug,N/A,,
702ffd3e-35c8-419d-a983-5a8ac4e7da0f,,LISINOPRIL/HYDROCHLOROTHIAZIDE,LISINOPRIL/HYDROCHLOROTHIAZIDE,LISINOPRIL/HYDROCHLOROTHIAZIDE,LISINOPRIL/HYDROCHLOROTHIAZIDE,Drug,N/A,,
817e67aa-a95b-46d4-a738-b79178a4d62b,,TRETINOINE,TRETINOINE,TRETINOINE,TRETINOINE,Drug,N/A,,
9764dec5-056c-4dac-adaa-c4463889f680,,DESONIDE,DESONIDE,DESONIDE,DESONIDE,Drug,N/A,,
f2016123-4786-447a-8941-bd64cc0342a4,,HYDROCORTSONE,HYDROCORTSONE,HYDROCORTSONE,HYDROCORTSONE,Drug,N/A,,
e319b0ac-4128-4927-8b52-21019d96afc0,,FENOFIBRATE,FENOFIBRATE,FENOFIBRATE,FENOFIBRATE,Drug,N/A,,
0cf1330a-31b6-406f-95e3-20cc39f33ed0,,LOVASTATINE,LOVASTATINE,LOVASTATINE,LOVASTATINE,Drug,N/A,,
e47a8f71-583b-4b88-b45f-72d70d687fab,,LOMEFLOXACINE,LOMEFLOXACINE,LOMEFLOXACINE,LOMEFLOXACINE,Drug,N/A,,
4525811a-ff1a-49d9-bd8d-622f77507b82,,NITRATE DE FENTICONAZOLE,NITRATE DE FENTICONAZOLE,NITRATE DE FENTICONAZOLE,NITRATE DE FENTICONAZOLE,Drug,N/A,,
96395093-f50f-49a4-98c0-569c24fa8ee2,,BUCLIZINE,BUCLIZINE,BUCLIZINE,BUCLIZINE,Drug,N/A,,
740822d0-2ffc-46b6-930c-071bb06fdbeb,,LOSARTAN POTASSIUM,LOSARTAN POTASSIUM,LOSARTAN POTASSIUM,LOSARTAN POTASSIUM,Drug,N/A,,
95d574ee-cd40-438f-a644-4aee3fc0fb75,,ENOXAPARINE SODIQUE,ENOXAPARINE SODIQUE,ENOXAPARINE SODIQUE,ENOXAPARINE SODIQUE,Drug,N/A,,
d5f4be31-6559-477d-8977-a69b2926012c,,NICARDIPINE,NICARDIPINE,NICARDIPINE,NICARDIPINE,Drug,N/A,,
697afdd3-345d-4586-8a68-f9f131af961c,,PHENIRAMINE/TETRAHYDROZOLINE,PHENIRAMINE/TETRAHYDROZOLINE,PHENIRAMINE/TETRAHYDROZOLINE,PHENIRAMINE/TETRAHYDROZOLINE,Drug,N/A,,
941e9cab-167e-448e-8179-78f94870712b,,PARAFFINE/MAGNESIUM,PARAFFINE/MAGNESIUM,PARAFFINE/MAGNESIUM,PARAFFINE/MAGNESIUM,Drug,N/A,,
96f75345-fcff-4c64-8287-583eaf28b129,,PARAFFINE,PARAFFINE,PARAFFINE,PARAFFINE,Drug,N/A,,
3ddb9c7d-7192-4b81-9db6-c673ad15c941,,LUMEFANTRINE/ARTEMETHER,LUMEFANTRINE/ARTEMETHER,LUMEFANTRINE/ARTEMETHER,LUMEFANTRINE/ARTEMETHER,Drug,N/A,,
1387969a-8cc8-4971-8091-dc723e45c4b2,,NOMEGESTROL,NOMEGESTROL,NOMEGESTROL,NOMEGESTROL,Drug,N/A,,
41e95d63-3be4-48d3-ac42-7766ba0691b9,,CHLORMADINONE,CHLORMADINONE,CHLORMADINONE,CHLORMADINONE,Drug,N/A,,
d7473d5b-791a-4114-a43f-53b8dc4dd918,,PRAZEPAM,PRAZEPAM,PRAZEPAM,PRAZEPAM,Drug,N/A,,
3d160d31-9a0e-48ba-9acc-57a583eed66a,,LYSOZYME/PYRIDOXINE,LYSOZYME/PYRIDOXINE,LYSOZYME/PYRIDOXINE,LYSOZYME/PYRIDOXINE,Drug,N/A,,
c9ecafa3-f038-4b46-a72b-19e5f2c5697b,,HYDROXYDE DE mg/HYDROXYDE D' ALU,HYDROXYDE DE mg/HYDROXYDE D' ALU,HYDROXYDE DE mg/HYDROXYDE D' ALU,HYDROXYDE DE mg/HYDROXYDE D' ALU,Drug,N/A,,
1cdb71d6-d0e6-4a61-80ef-8478b011d2aa,,MAGNESIUM/PYRIDOXINE,MAGNESIUM/PYRIDOXINE,MAGNESIUM/PYRIDOXINE,MAGNESIUM/PYRIDOXINE,Drug,N/A,,
64f35d1c-8ef9-4856-91a7-cc8c915f1ef1,,OXYDE DE MAGNESIUM,OXYDE DE MAGNESIUM,OXYDE DE MAGNESIUM,OXYDE DE MAGNESIUM,Drug,N/A,,
84d9627e-04db-469a-82f3-39fd3f53bc58,,GGADOPENTETATE DE DIMEGLUMINE,GGADOPENTETATE DE DIMEGLUMINE,GGADOPENTETATE DE DIMEGLUMINE,GGADOPENTETATE DE DIMEGLUMINE,Drug,N/A,,
61c9fe43-78f0-46cb-a50e-0dd63ca70b1a,,DIHYDROARTEMISININE/PIPERASINE,DIHYDROARTEMISININE/PIPERASINE,DIHYDROARTEMISININE/PIPERASINE,DIHYDROARTEMISININE/PIPERASINE,Drug,N/A,,
783a81af-b387-47bc-a618-fd1230b81107,,ATOVAQUONE/PROGUANIL,ATOVAQUONE/PROGUANIL,ATOVAQUONE/PROGUANIL,ATOVAQUONE/PROGUANIL,Drug,N/A,,
390e6ebf-1e77-4fe8-aabc-743e9b9c41cc,,ATOVAQUONE/PROQUANIL,ATOVAQUONE/PROQUANIL,ATOVAQUONE/PROQUANIL,ATOVAQUONE/PROQUANIL,Drug,N/A,,
b1792836-37ae-478c-a399-bc215baf06f4,,DEXAMETHASONE/NEOMYCINE/POLY,DEXAMETHASONE/NEOMYCINE/POLY,DEXAMETHASONE/NEOMYCINE/POLY,DEXAMETHASONE/NEOMYCINE/POLY,Drug,N/A,,
7b33024c-493d-417e-8ee3-833342e7cb0e,,ALPHA-AMYLASE,ALPHA-AMYLASE,ALPHA-AMYLASE,ALPHA-AMYLASE,Drug,N/A,,
045181b2-d6b7-41f9-976b-1c63ba62cf31,,MEBEVERINE CHLORHYDRATE,MEBEVERINE CHLORHYDRATE,MEBEVERINE CHLORHYDRATE,MEBEVERINE CHLORHYDRATE,Drug,N/A,,
48899b71-5918-49a3-a93e-d91cb7048dc9,,METHYL PREDNISOLONE,METHYL PREDNISOLONE,METHYL PREDNISOLONE,METHYL PREDNISOLONE,Drug,N/A,,
4d82aecf-becd-452a-be98-197e07bb742b,,MEXAZOLAM,MEXAZOLAM,MEXAZOLAM,MEXAZOLAM,Drug,N/A,,
921acfa6-18cc-4baa-a807-3f0e2637d2b1,,CEFIXIME,CEFIXIME,CEFIXIME,CEFIXIME,Drug,N/A,,
e11b4166-685a-4edb-8284-7dea0640f85f,,CEFTRIAXONE,CEFTRIAXONE,CEFTRIAXONE,CEFTRIAXONE,Drug,N/A,,
6d67809b-a9b1-43bf-a534-8f6aa54ab3fa,,SIMETHICONE/PHLOROGLUCINOL,SIMETHICONE/PHLOROGLUCINOL,SIMETHICONE/PHLOROGLUCINOL,SIMETHICONE/PHLOROGLUCINOL,Drug,N/A,,
782178ff-73b7-4f85-9216-65f1353ef934,,METHYLERGOMETRINE,METHYLERGOMETRINE,METHYLERGOMETRINE,METHYLERGOMETRINE,Drug,N/A,,
247dc4cc-4e02-44d7-9000-1e06f5b846cb,,METHOTREXATE,METHOTREXATE,METHOTREXATE,METHOTREXATE,Drug,N/A,,
386230d8-f941-4e90-929b-13fbb05fc3ab,,ALPHA METHYL DOPA,ALPHA METHYL DOPA,ALPHA METHYL DOPA,ALPHA METHYL DOPA,Drug,N/A,,
cc396abb-0059-4a7f-b226-5c23816e47c8,,PARACETAMOL/CODEINE/CAFEINE,PARACETAMOL/CODEINE/CAFEINE,PARACETAMOL/CODEINE/CAFEINE,PARACETAMOL/CODEINE/CAFEINE,Drug,N/A,,
de203154-dcf0-4f9c-8773-cff4cfb8e06d,,LEVONORGESTREL/ETHINYLESTRADIOL,LEVONORGESTREL/ETHINYLESTRADIOL,LEVONORGESTREL/ETHINYLESTRADIOL,LEVONORGESTREL/ETHINYLESTRADIOL,Drug,N/A,,
900131ba-b186-4a81-9cc8-7cec760858de,,AMILORIDE/HYDROCHLOROTIAZIDE,AMILORIDE/HYDROCHLOROTIAZIDE,AMILORIDE/HYDROCHLOROTIAZIDE,AMILORIDE/HYDROCHLOROTIAZIDE,Drug,N/A,,
1174010c-6c10-4673-b45f-bd086f02d8b6,,DILTIAZEM,DILTIAZEM,DILTIAZEM,DILTIAZEM,Drug,N/A,,
598dc1f0-795a-4721-b358-74e0baa3ea56,,SENE/EXTRAIT SEC,SENE/EXTRAIT SEC,SENE/EXTRAIT SEC,SENE/EXTRAIT SEC,Drug,N/A,,
78f7df68-5389-4ac3-a721-ce4771806d13,,MULTI VITAMINE ET MINERAUX,MULTI VITAMINE ET MINERAUX,MULTI VITAMINE ET MINERAUX,MULTI VITAMINE ET MINERAUX,Drug,N/A,,
969bcf14-0a5f-4989-a55a-c097e06d5db9,,CICLOPIROX,CICLOPIROX,CICLOPIROX,CICLOPIROX,Drug,N/A,,
e27c784f-a498-4b49-a6fe-048eb32376dc,,CICLOPIROXOLAMINE,CICLOPIROXOLAMINE,CICLOPIROXOLAMINE,CICLOPIROXOLAMINE,Drug,N/A,,
4ac8c449-9d6c-4658-ae5a-345d01a850ed,,TROPICAMIDE,TROPICAMIDE,TROPICAMIDE,TROPICAMIDE,Drug,N/A,,
3fc0ebaa-55fe-4d59-9a11-cdaa58ef89f1,,SULCONAZOLE,SULCONAZOLE,SULCONAZOLE,SULCONAZOLE,Drug,N/A,,
f9974416-52e9-4011-a521-abf4e92e1604,,TETRAZEPAM,TETRAZEPAM,TETRAZEPAM,TETRAZEPAM,Drug,N/A,,
9088197a-af0b-4c8f-b9aa-bcb48ac0e7bb,,FENOPROFENE,FENOPROFENE,FENOPROFENE,FENOPROFENE,Drug,N/A,,
642e3908-def7-4e07-a171-830eef50a5ea,,NAPROXENE,NAPROXENE,NAPROXENE,NAPROXENE,Drug,N/A,,
31f6cf16-ad6a-4491-afd1-ea42badfa7fe,,MECLEZINE/PYRIDOXINE,MECLEZINE/PYRIDOXINE,MECLEZINE/PYRIDOXINE,MECLEZINE/PYRIDOXINE,Drug,N/A,,
beef4df8-3961-4d1f-b2f5-5815eee7284d,,CARBIMAZOLE,CARBIMAZOLE,CARBIMAZOLE,CARBIMAZOLE,Drug,N/A,,
9221421b-537f-4e49-a529-9d2130201c57,,ESOMEPRAZOLE,ESOMEPRAZOLE,ESOMEPRAZOLE,ESOMEPRAZOLE,Drug,N/A,,
eff4035d-c777-49dc-8c02-7f607aeee1c1,,ACIDE  NIFLUMIQUE,ACIDE  NIFLUMIQUE,ACIDE  NIFLUMIQUE,ACIDE  NIFLUMIQUE,Drug,N/A,,
b69272f6-1a1e-4fcc-ac6d-e21974f0b65e,,ACIDE NIFLUIMIQUE,ACIDE NIFLUIMIQUE,ACIDE NIFLUIMIQUE,ACIDE NIFLUIMIQUE,Drug,N/A,,
a925cf51-7389-4849-a920-5048a1dcfee0,,DROTRAVERINE,DROTRAVERINE,DROTRAVERINE,DROTRAVERINE,Drug,N/A,,
919f7cc2-72c6-41d3-be93-63307383dad1,,PIRACETAM,PIRACETAM,PIRACETAM,PIRACETAM,Drug,N/A,,
89ff53d2-8350-4235-a291-78a421d6f031,,STERCULIA GOMME,STERCULIA GOMME,STERCULIA GOMME,STERCULIA GOMME,Drug,N/A,,
89b1a9fd-ff49-44ff-9ede-6b1c32d5e0a3,,DROTAVERINE,DROTAVERINE,DROTAVERINE,DROTAVERINE,Drug,N/A,,
64309620-d1a6-4458-ad58-018cd58c8f85,,DROTRAVERINE/PARACETAMOL/CAFEI,DROTRAVERINE/PARACETAMOL/CAFEI,DROTRAVERINE/PARACETAMOL/CAFEI,DROTRAVERINE/PARACETAMOL/CAFEI,Drug,N/A,,
4ae5a4b7-e856-4abf-93cc-48b826a9aaa9,,NORAMIDO PYRINE/MESILATE SODIQU,NORAMIDO PYRINE/MESILATE SODIQU,NORAMIDO PYRINE/MESILATE SODIQU,NORAMIDO PYRINE/MESILATE SODIQU,Drug,N/A,,
23a1a675-4de2-4202-803d-77b561e3379c,,LEVOMEPROMAZINE,LEVOMEPROMAZINE,LEVOMEPROMAZINE,LEVOMEPROMAZINE,Drug,N/A,,
51eb118c-7c13-4f0c-b9d4-116a06df4363,,CYTIDINE/URIDINE,CYTIDINE/URIDINE,CYTIDINE/URIDINE,CYTIDINE/URIDINE,Drug,N/A,,
6b1e4cd4-2b09-417a-8f61-8e66de1ec553,,CYTIDINE-5/URIDINE-5,CYTIDINE-5/URIDINE-5,CYTIDINE-5/URIDINE-5,CYTIDINE-5/URIDINE-5,Drug,N/A,,
97aa3c87-971e-4190-b394-579aaa0c38aa,,OFLOXACINE,OFLOXACINE,OFLOXACINE,OFLOXACINE,Drug,N/A,,
b398a88b-d0d1-458f-98fe-08611b6c902f,,TAMSULOSINE,TAMSULOSINE,TAMSULOSINE,TAMSULOSINE,Drug,N/A,,
71369ab1-bf61-42ff-a673-2729997127ce,,OLOPATADINE,OLOPATADINE,OLOPATADINE,OLOPATADINE,Drug,N/A,,
5785923c-5bdb-429c-a125-3fa1d6768d17,,CROMOGLYCATE DE SODIUM,CROMOGLYCATE DE SODIUM,CROMOGLYCATE DE SODIUM,CROMOGLYCATE DE SODIUM,Drug,N/A,,
a7e1f13e-0add-4d72-a50c-6fffb8b2f8a9,,CEFPODOXIME PROXETIL,CEFPODOXIME PROXETIL,CEFPODOXIME PROXETIL,CEFPODOXIME PROXETIL,Drug,N/A,,
ad311aa1-a9a1-4295-b3d2-720dd4e5b342,,CEFALAXINE,CEFALAXINE,CEFALAXINE,CEFALAXINE,Drug,N/A,,
4bc30f4d-adfc-4fc5-95ba-5e24149e013d,,CALCIUM/VIT D3,CALCIUM/VIT D3,CALCIUM/VIT D3,CALCIUM/VIT D3,Drug,N/A,,
fcf59a80-250a-4c22-a896-9dc6250f2826,,LIDOCAINE/SULFATE DE MAGNESIUM,LIDOCAINE/SULFATE DE MAGNESIUM,LIDOCAINE/SULFATE DE MAGNESIUM,LIDOCAINE/SULFATE DE MAGNESIUM,Drug,N/A,,
2e6ce870-edbb-403d-9609-6a3da2e0e95c,,RESORCINOL/EPHEDRINE,RESORCINOL/EPHEDRINE,RESORCINOL/EPHEDRINE,RESORCINOL/EPHEDRINE,Drug,N/A,,
5315bb63-4d4b-4aa9-888d-c720a9e45c46,,PHENOXYMETHYLPENICILLINE,PHENOXYMETHYLPENICILLINE,PHENOXYMETHYLPENICILLINE,PHENOXYMETHYLPENICILLINE,Drug,N/A,,
20e1b149-0050-4fc5-bc0a-667252fd1b7c,,PHENAZONE/LIDOCAINE,PHENAZONE/LIDOCAINE,PHENAZONE/LIDOCAINE,PHENAZONE/LIDOCAINE,Drug,N/A,,
395ddc76-acac-4281-8dd3-040e269985d3,,RIFAMYCINE,RIFAMYCINE,RIFAMYCINE,RIFAMYCINE,Drug,N/A,,
629ea91b-53ce-45bb-a8af-dc1a2fd661b3,,XYLOMETAZOLINE,XYLOMETAZOLINE,XYLOMETAZOLINE,XYLOMETAZOLINE,Drug,N/A,,
2335c42b-23a9-4228-8ec3-7c2f83fce2a7,,BOLDINE + SULFATE DESODIUM+ NAH2,BOLDINE + SULFATE DESODIUM+ NAH2,BOLDINE + SULFATE DESODIUM+ NAH2,BOLDINE + SULFATE DESODIUM+ NAH2,Drug,N/A,,
0fc64e91-1764-467c-b10c-04aeb171cc51,,PARACETAMOL/EPHEDRINE,PARACETAMOL/EPHEDRINE,PARACETAMOL/EPHEDRINE,PARACETAMOL/EPHEDRINE,Drug,N/A,,
1bbe45dd-2426-4c38-90cd-9b0a2150448e,,QUININE RESORCINE,QUININE RESORCINE,QUININE RESORCINE,QUININE RESORCINE,Drug,N/A,,
4a863df3-1f1e-4177-a37f-85020b28bcae,,PANTAPRAZOLE,PANTAPRAZOLE,PANTAPRAZOLE,PANTAPRAZOLE,Drug,N/A,,
9bb8a0ee-b8a1-499e-bdde-ebb6aec515ca,,PARACEMOL- CODEINE,PARACEMOL- CODEINE,PARACEMOL- CODEINE,PARACEMOL- CODEINE,Drug,N/A,,
7793040e-11ef-40ce-bcf6-832a59bca9f9,,PARACEMOL,PARACEMOL,PARACEMOL,PARACEMOL,Drug,N/A,,
efd8c978-cfed-4463-ae08-018abdbd38ba,,BROMOCRIPTINE,BROMOCRIPTINE,BROMOCRIPTINE,BROMOCRIPTINE,Drug,N/A,,
4826930a-d081-4c31-b66c-b9def207154b,,ROXITHROMYCINE,ROXITHROMYCINE,ROXITHROMYCINE,ROXITHROMYCINE,Drug,N/A,,
8a03581a-76ee-4926-ab5b-c4cf0fbe9e82,,PEFLOXACINE,PEFLOXACINE,PEFLOXACINE,PEFLOXACINE,Drug,N/A,,
6ca1b7d3-4686-4b3f-bc5a-1470d0a7b31e,,PARACETAMOL/PHENYLEPHRINE/CHLOR,PARACETAMOL/PHENYLEPHRINE/CHLOR,PARACETAMOL/PHENYLEPHRINE/CHLOR,PARACETAMOL/PHENYLEPHRINE/CHLOR,Drug,N/A,,
4acc7217-a502-4e53-92b1-f2e53f667bbc,,CEFTRIAXONE/LIDOCAINE,CEFTRIAXONE/LIDOCAINE,CEFTRIAXONE/LIDOCAINE,CEFTRIAXONE/LIDOCAINE,Drug,N/A,,
a951ee1a-2cdf-47bb-a6e9-948b9a1fcd6e,,CLOXACILLINE,CLOXACILLINE,CLOXACILLINE,CLOXACILLINE,Drug,N/A,,
13798965-9fcb-4a83-ae78-8dd9ab19b9cb,,ERYTHROMYCINE STEARATE,ERYTHROMYCINE STEARATE,ERYTHROMYCINE STEARATE,ERYTHROMYCINE STEARATE,Drug,N/A,,
c569b175-4cd5-42cc-88d0-00cd43d31479,,GENTAMICINE,GENTAMICINE,GENTAMICINE,GENTAMICINE,Drug,N/A,,
2910d68c-e6ce-402c-b1bf-215d1cff8fb8,,HYDROCORTISONE SODIUM SUCCINATE,HYDROCORTISONE SODIUM SUCCINATE,HYDROCORTISONE SODIUM SUCCINATE,HYDROCORTISONE SODIUM SUCCINATE,Drug,N/A,,
945060a3-c2a3-4cc8-a3f0-fd9aec6ad250,,VIT B COMPLEX,VIT B COMPLEX,VIT B COMPLEX,VIT B COMPLEX,Drug,N/A,,
95dc252b-1ea3-4858-ad8f-4dfd61fafa37,,QUININE DICHLORHYDRATE,QUININE DICHLORHYDRATE,QUININE DICHLORHYDRATE,QUININE DICHLORHYDRATE,Drug,N/A,,
37d6d8e4-4ec0-463a-b7a2-1e9a0a7531ab,,PHOSPHATE D'ALUMINIUM,PHOSPHATE D'ALUMINIUM,PHOSPHATE D'ALUMINIUM,PHOSPHATE D'ALUMINIUM,Drug,N/A,,
fe38d6ff-dc54-4cbb-8b3c-686611141727,,METHYLENECYCLINE,METHYLENECYCLINE,METHYLENECYCLINE,METHYLENECYCLINE,Drug,N/A,,
c24455f0-35e0-4dd4-adc0-667ae356fda7,,PIPOTIAZINE,PIPOTIAZINE,PIPOTIAZINE,PIPOTIAZINE,Drug,N/A,,
369a7a84-4176-49db-b784-c61a8606625d,,ACIDE PIPEMIDIQUE,ACIDE PIPEMIDIQUE,ACIDE PIPEMIDIQUE,ACIDE PIPEMIDIQUE,Drug,N/A,,
ac4a9d96-1c53-404c-92fa-d4772ded8ea5,,PIVALATE DE TIXOCORTOL,PIVALATE DE TIXOCORTOL,PIVALATE DE TIXOCORTOL,PIVALATE DE TIXOCORTOL,Drug,N/A,,
72fc0ab5-2faf-4c41-8518-f6c32f4c8ae8,,DEXCHLORPHENIRAMINE,DEXCHLORPHENIRAMINE,DEXCHLORPHENIRAMINE,DEXCHLORPHENIRAMINE,Drug,N/A,,
c741b6f3-c430-4520-a133-3b33ed8924b8,,NEOMYCINE/POLYMYXINE/NYSTATINE,NEOMYCINE/POLYMYXINE/NYSTATINE,NEOMYCINE/POLYMYXINE/NYSTATINE,NEOMYCINE/POLYMYXINE/NYSTATINE,Drug,N/A,,
b1e964c6-3cce-4b1f-9809-7e3a448047da,,ACETONIDE DE TRIAMCINOLON/NEOM,ACETONIDE DE TRIAMCINOLON/NEOM,ACETONIDE DE TRIAMCINOLON/NEOM,ACETONIDE DE TRIAMCINOLON/NEOM,Drug,N/A,,
e7908942-3e80-496d-abef-f53b918c847d,,LEVONORGESTREL,LEVONORGESTREL,LEVONORGESTREL,LEVONORGESTREL,Drug,N/A,,
96b0881c-91a7-4e2f-9852-bb639f1c25f2,,ASPARTATE D'ARGININE,ASPARTATE D'ARGININE,ASPARTATE D'ARGININE,ASPARTATE D'ARGININE,Drug,N/A,,
177b9c43-f12e-44f8-a799-7637a5a1ab73,,ATENOLOL/NIFEDIPINE,ATENOLOL/NIFEDIPINE,ATENOLOL/NIFEDIPINE,ATENOLOL/NIFEDIPINE,Drug,N/A,,
4c3860bf-7909-4f69-84c0-d8575dcda855,,DICLOFENAC SODIQUE,DICLOFENAC SODIQUE,DICLOFENAC SODIQUE,DICLOFENAC SODIQUE,Drug,N/A,,
a6d38a5d-963c-4e70-83f8-cb2e63a7d538,,MEQUITAZINE,MEQUITAZINE,MEQUITAZINE,MEQUITAZINE,Drug,N/A,,
9987f7ba-d996-438e-9288-31b3332f3908,,NORETHISTERONE,NORETHISTERONE,NORETHISTERONE,NORETHISTERONE,Drug,N/A,,
81740d16-8e50-476d-a55a-638312fb1a8e,,METOCLOPRAMIDE,METOCLOPRAMIDE,METOCLOPRAMIDE,METOCLOPRAMIDE,Drug,N/A,,
6c82a3eb-4ff8-4ec6-a06a-fee91f441fcd,,"VIT B1, B6, B12","VIT B1, B6, B12","VIT B1, B6, B12","VIT B1, B6, B12",Drug,N/A,,
84781e86-15f1-42a4-b5f5-02dfc7dbdb47,,HYDROXYPROGESTERONE,HYDROXYPROGESTERONE,HYDROXYPROGESTERONE,HYDROXYPROGESTERONE,Drug,N/A,,
a5b6d5d2-532b-4434-abb1-e77a25d5b321,,PROGESTERONE,PROGESTERONE,PROGESTERONE,PROGESTERONE,Drug,N/A,,
94f044bd-1384-4256-8df4-68daa6615d29,,BENZODODECINIUM/POLYSORBATE,BENZODODECINIUM/POLYSORBATE,BENZODODECINIUM/POLYSORBATE,BENZODODECINIUM/POLYSORBATE,Drug,N/A,,
8132e147-458d-42ed-9122-4b7c508af453,,ALLOPURINOL,ALLOPURINOL,ALLOPURINOL,ALLOPURINOL,Drug,N/A,,
154c1688-8d00-412b-98cd-1d51bf70e046,,SENOSIDE CALCIQUE,SENOSIDE CALCIQUE,SENOSIDE CALCIQUE,SENOSIDE CALCIQUE,Drug,N/A,,
4a8b57ea-1b73-4e0c-b43f-92753ad789d6,,LANZOPRAZOLE/AMOXICILLIN E/CLARIT,LANZOPRAZOLE/AMOXICILLIN E/CLARIT,LANZOPRAZOLE/AMOXICILLIN E/CLARIT,LANZOPRAZOLE/AMOXICILLIN E/CLARIT,Drug,N/A,,
47fe7df9-33ad-49c9-9e74-8219aeb0993f,,PRISTINAMYCINE,PRISTINAMYCINE,PRISTINAMYCINE,PRISTINAMYCINE,Drug,N/A,,
906a64f0-3823-47be-92f6-eb8d474dcdae,,GLUCONATE DE QUININECHLORHYDRAT,GLUCONATE DE QUININECHLORHYDRAT,GLUCONATE DE QUININECHLORHYDRAT,GLUCONATE DE QUININECHLORHYDRAT,Drug,N/A,,
bdd9f074-62e6-4c1c-94a0-478659168a3b,,CHLORHYDRATE DE QUININE,CHLORHYDRATE DE QUININE,CHLORHYDRATE DE QUININE,CHLORHYDRATE DE QUININE,Drug,N/A,,
e77a3a5a-ddf0-4876-b806-f90c7339e919,,FER/VIT B12,FER/VIT B12,FER/VIT B12,FER/VIT B12,Drug,N/A,,
c23c6af1-2405-44b3-9365-b0ee18cddbd1,,BENZATHINE BENZYL PENICILLINE,BENZATHINE BENZYL PENICILLINE,BENZATHINE BENZYL PENICILLINE,BENZATHINE BENZYL PENICILLINE,Drug,N/A,,
926e5ab0-a365-41ee-b00d-eae4d36262d5,,ACIDES AMINES,ACIDES AMINES,ACIDES AMINES,ACIDES AMINES,Drug,N/A,,
26b25a5a-0a5f-4923-bf18-f30d5c0dbe0d,,ETOFENAMATE,ETOFENAMATE,ETOFENAMATE,ETOFENAMATE,Drug,N/A,,
84af7c20-ecf2-4fd2-aea6-9e28c2fd45ed,,PROMETHAZINECARBOCYSTEINE,PROMETHAZINECARBOCYSTEINE,PROMETHAZINECARBOCYSTEINE,PROMETHAZINECARBOCYSTEINE,Drug,N/A,,
d86ad261-cd42-44e1-aad1-688dd1e1b1f4,,PHOLCODINE,PHOLCODINE,PHOLCODINE,PHOLCODINE,Drug,N/A,,
6bac4d50-d3d8-4216-a32f-0d7514b6bc6b,,PARACETAMOL/MALEAE DE CHLORPHE,PARACETAMOL/MALEAE DE CHLORPHE,PARACETAMOL/MALEAE DE CHLORPHE,PARACETAMOL/MALEAE DE CHLORPHE,Drug,N/A,,
fb92870e-2bdc-42ca-8621-c93efc6a76ee,,PARACETAMOL/PSEUDOEPHEDRINE/CH,PARACETAMOL/PSEUDOEPHEDRINE/CH,PARACETAMOL/PSEUDOEPHEDRINE/CH,PARACETAMOL/PSEUDOEPHEDRINE/CH,Drug,N/A,,
068726e5-cad2-4620-ad5d-28399af1966f,,PRIFINIUM BROMURE,PRIFINIUM BROMURE,PRIFINIUM BROMURE,PRIFINIUM BROMURE,Drug,N/A,,
34958020-ea4e-4086-9600-84ce66d9151f,,TRYPSINE/RIBONUCLEASE/CHIMOTRYPS,TRYPSINE/RIBONUCLEASE/CHIMOTRYPS,TRYPSINE/RIBONUCLEASE/CHIMOTRYPS,TRYPSINE/RIBONUCLEASE/CHIMOTRYPS,Drug,N/A,,
6a4c4906-754a-49b7-991a-0a77da5b764c,,RIPATADINE,RIPATADINE,RIPATADINE,RIPATADINE,Drug,N/A,,
6eb310ad-6d7c-4950-a6cf-f877c89d77fb,,RISPERIDONE,RISPERIDONE,RISPERIDONE,RISPERIDONE,Drug,N/A,,
dc692df4-dd29-4ea0-87c9-020817727034,,DINITRATE D'ISOSORBIDE,DINITRATE D'ISOSORBIDE,DINITRATE D'ISOSORBIDE,DINITRATE D'ISOSORBIDE,Drug,N/A,,
c9c3b619-74e4-420c-9f83-c181966bf4a0,,OXYDE D'ALUMINIUM HYDRATE,OXYDE D'ALUMINIUM HYDRATE,OXYDE D'ALUMINIUM HYDRATE,OXYDE D'ALUMINIUM HYDRATE,Drug,N/A,,
82b98755-99f4-4e8d-b268-3f9b399f6236,,ACIDE ACETYL SALICYLIQUE/CHLOPHEN,ACIDE ACETYL SALICYLIQUE/CHLOPHEN,ACIDE ACETYL SALICYLIQUE/CHLOPHEN,ACIDE ACETYL SALICYLIQUE/CHLOPHEN,Drug,N/A,,
3d11a4c6-5888-4fae-92cc-f28f8984cdc9,,AMOXILLINE,AMOXILLINE,AMOXILLINE,AMOXILLINE,Drug,N/A,,
8f6ff5f8-44b8-4f08-986b-b68d57aa7949,,PARACETAMOL/PROPYPHENAZONE/CA,PARACETAMOL/PROPYPHENAZONE/CA,PARACETAMOL/PROPYPHENAZONE/CA,PARACETAMOL/PROPYPHENAZONE/CA,Drug,N/A,,
e971ad42-2ab5-4e4d-924e-a21d108284a2,,LEVOCETIRIZINE,LEVOCETIRIZINE,LEVOCETIRIZINE,LEVOCETIRIZINE,Drug,N/A,,
30f5aae5-f882-40f5-b999-87b701e9b264,,CHLORHYDRATE D'ACEBUTOLOL,CHLORHYDRATE D'ACEBUTOLOL,CHLORHYDRATE D'ACEBUTOLOL,CHLORHYDRATE D'ACEBUTOLOL,Drug,N/A,,
6184b54e-9694-45c1-a2c5-effc358c4368,,ASPIRIN+CAFFIENE+CODEINE,ASPIRIN+CAFFIENE+CODEINE,ASPIRIN+CAFFIENE+CODEINE,ASPIRIN+CAFFIENE+CODEINE,Drug,N/A,,
b9a3a67e-f600-4537-83f2-dc2f8f80cd0d,,DODECLONIUM/ESCULOSIDE/ENOXO,DODECLONIUM/ESCULOSIDE/ENOXO,DODECLONIUM/ESCULOSIDE/ENOXO,DODECLONIUM/ESCULOSIDE/ENOXO,Drug,N/A,,
1b4a0906-f454-42b9-a9e2-98cb02a377ed,,CLOPERASTINE,CLOPERASTINE,CLOPERASTINE,CLOPERASTINE,Drug,N/A,,
aa7bbeb1-09eb-4c09-8212-e2e78318ac2a,,PIVMECILLINAM,PIVMECILLINAM,PIVMECILLINAM,PIVMECILLINAM,Drug,N/A,,
b7f11de8-fcd7-4c33-8385-b3f1223519ba,,CHLORHEXEDINE,CHLORHEXEDINE,CHLORHEXEDINE,CHLORHEXEDINE,Drug,N/A,,
3bc48fd8-0ec5-4832-9cbb-9f4840e7de55,,CHLORHEXIDINE DIGLUCONATE,CHLORHEXIDINE DIGLUCONATE,CHLORHEXIDINE DIGLUCONATE,CHLORHEXIDINE DIGLUCONATE,Drug,N/A,,
f9cd08e4-8bfe-49fc-9ce6-9869d90cf0d2,,BETAHISTINE,BETAHISTINE,BETAHISTINE,BETAHISTINE,Drug,N/A,,
6dc37bba-4af0-49a4-8d5e-cf8ecd144b27,,SERTRALINE,SERTRALINE,SERTRALINE,SERTRALINE,Drug,N/A,,
6654feba-053c-4c22-a373-e1f57b6b2035,,SALMETEROL/FLUCONAZOLE,SALMETEROL/FLUCONAZOLE,SALMETEROL/FLUCONAZOLE,SALMETEROL/FLUCONAZOLE,Drug,N/A,,
a3a632f1-0155-436c-8df6-5a4f0d107a4f,,LEVOCETRIZINE,LEVOCETRIZINE,LEVOCETRIZINE,LEVOCETRIZINE,Drug,N/A,,
e2907780-30f4-46c6-a273-eaab438ad4e8,,LEVODOPA/CARBIDOPA,LEVODOPA/CARBIDOPA,LEVODOPA/CARBIDOPA,LEVODOPA/CARBIDOPA,Drug,N/A,,
4be77262-36a6-4b30-96f5-1ffc421b4e45,,ACENOCOUMAROL,ACENOCOUMAROL,ACENOCOUMAROL,ACENOCOUMAROL,Drug,N/A,,
97a2119c-8b3b-4eb3-a53f-0829f0dd1508,,CYCLOPENTOLATE,CYCLOPENTOLATE,CYCLOPENTOLATE,CYCLOPENTOLATE,Drug,N/A,,
ae5c95fa-72f2-437a-bbf2-13512a9a7582,,PICOSULFATE DE SODUIM,PICOSULFATE DE SODUIM,PICOSULFATE DE SODUIM,PICOSULFATE DE SODUIM,Drug,N/A,,
b3345071-f21e-4ddd-82fb-2ef54e3934b6,,DIOSMECTITE,DIOSMECTITE,DIOSMECTITE,DIOSMECTITE,Drug,N/A,,
86e837be-947d-41cd-8f85-b3a320b53c24,,TRICLOCARBAN,TRICLOCARBAN,TRICLOCARBAN,TRICLOCARBAN,Drug,N/A,,
247506c6-9f8b-4c03-95ac-3cba2540a0e3,,METHYLPREDNISOLONEHEMISUCCINAT,METHYLPREDNISOLONEHEMISUCCINAT,METHYLPREDNISOLONEHEMISUCCINAT,METHYLPREDNISOLONEHEMISUCCINAT,Drug,N/A,,
304a6b4c-2dd0-45f4-8354-222f2cc4141e,,METHYLPREDNISOLONE,METHYLPREDNISOLONE,METHYLPREDNISOLONE,METHYLPREDNISOLONE,Drug,N/A,,
56131865-e7dd-423f-aaf2-e53f346c6f76,,CITICOLINE,CITICOLINE,CITICOLINE,CITICOLINE,Drug,N/A,,
31da46d2-1809-494f-b4ce-75fd14243876,,CITOCOLINE,CITOCOLINE,CITOCOLINE,CITOCOLINE,Drug,N/A,,
18c351f1-bec4-4d09-bc42-2ae6e40b11f1,,ACIDE SALICYLIQUE,ACIDE SALICYLIQUE,ACIDE SALICYLIQUE,ACIDE SALICYLIQUE,Drug,N/A,,
cef12401-c0fe-4adb-a073-7b7ec8700ff2,,TOLNAFTATE,TOLNAFTATE,TOLNAFTATE,TOLNAFTATE,Drug,N/A,,
e8876868-7996-4c09-8848-28265a467997,,ESDEPALLETHRINE/BUTOXYDE DE PIPER,ESDEPALLETHRINE/BUTOXYDE DE PIPER,ESDEPALLETHRINE/BUTOXYDE DE PIPER,ESDEPALLETHRINE/BUTOXYDE DE PIPER,Drug,N/A,,
d34a1a58-8abc-4a22-87dd-c733c6e1b8a4,,IDROCILAMIDE,IDROCILAMIDE,IDROCILAMIDE,IDROCILAMIDE,Drug,N/A,,
bb1b7b8e-137c-4d7b-a437-a712da424f25,,FLUOCLOXACILLINE,FLUOCLOXACILLINE,FLUOCLOXACILLINE,FLUOCLOXACILLINE,Drug,N/A,,
5c2e041e-ea54-472b-8260-46a69a1f3c79,,NORGESTREL/ETHINYLESTRADIOL,NORGESTREL/ETHINYLESTRADIOL,NORGESTREL/ETHINYLESTRADIOL,NORGESTREL/ETHINYLESTRADIOL,Drug,N/A,,
f30e1cc1-bff6-40dc-9939-2f4c83fe4323,,DEXAMETHASONE/OXYTETRACYCLINE,DEXAMETHASONE/OXYTETRACYCLINE,DEXAMETHASONE/OXYTETRACYCLINE,DEXAMETHASONE/OXYTETRACYCLINE,Drug,N/A,,
e6665a4b-24a2-4e63-a4a2-95ed47b1cf5b,,ZOLPIDEM,ZOLPIDEM,ZOLPIDEM,ZOLPIDEM,Drug,N/A,,
b7007019-66c8-4434-a991-aaa735846f2e,,ETIFOXINE,ETIFOXINE,ETIFOXINE,ETIFOXINE,Drug,N/A,,
9da2ac2a-5dec-4e5b-9cc1-af5cb956ed1b,,THIAMPHENICOL,THIAMPHENICOL,THIAMPHENICOL,THIAMPHENICOL,Drug,N/A,,
c35c2637-59cb-4804-a7c1-18b0842c2ac1,,ACIDE  TIAPROFENIQUE,ACIDE  TIAPROFENIQUE,ACIDE  TIAPROFENIQUE,ACIDE  TIAPROFENIQUE,Drug,N/A,,
dc2a51c3-41bd-4d57-b01e-706c9f4b1400,,BUDESONIDE/FORMOTEROL,BUDESONIDE/FORMOTEROL,BUDESONIDE/FORMOTEROL,BUDESONIDE/FORMOTEROL,Drug,N/A,,
7929183b-a72b-4ce4-abcc-f0d12c552c21,,TETRACOSACTIDE- ZINC,TETRACOSACTIDE- ZINC,TETRACOSACTIDE- ZINC,TETRACOSACTIDE- ZINC,Drug,N/A,,
a4b4852e-dbf1-4017-be73-4c01afa14696,,PROGESTERONE/ESTRONE,PROGESTERONE/ESTRONE,PROGESTERONE/ESTRONE,PROGESTERONE/ESTRONE,Drug,N/A,,
09f5e32b-3993-4bb9-944f-4258daef313d,,LEVOMENTHOL/VERATROLE/RESORCIN,LEVOMENTHOL/VERATROLE/RESORCIN,LEVOMENTHOL/VERATROLE/RESORCIN,LEVOMENTHOL/VERATROLE/RESORCIN,Drug,N/A,,
e2d2e359-69c7-466e-962b-10f4a28758c3,,OXYTOCINE,OXYTOCINE,OXYTOCINE,OXYTOCINE,Drug,N/A,,
ff857f9b-e318-4bc7-9a80-6432f2e3d6e1,,PYGEUM AFRICANUMEXATRACT,PYGEUM AFRICANUMEXATRACT,PYGEUM AFRICANUMEXATRACT,PYGEUM AFRICANUMEXATRACT,Drug,N/A,,
8f556aa5-a0e2-4d17-94d2-5384110523f1,,MESALAZINE,MESALAZINE,MESALAZINE,MESALAZINE,Drug,N/A,,
acedb80c-2d79-44a8-8689-2308f103107e,,DIHYDROERGOTAMINE,DIHYDROERGOTAMINE,DIHYDROERGOTAMINE,DIHYDROERGOTAMINE,Drug,N/A,,
634460e5-d9ad-431b-afd2-4f7a4f92dadb,,EXTRAIT DE GINKGO BILOBA,EXTRAIT DE GINKGO BILOBA,EXTRAIT DE GINKGO BILOBA,EXTRAIT DE GINKGO BILOBA,Drug,N/A,,
250727b3-343d-4ec9-b781-782f0d075500,,ACETYL LEUCINE,ACETYL LEUCINE,ACETYL LEUCINE,ACETYL LEUCINE,Drug,N/A,,
482c2d23-1f29-4d18-82cc-bbe6b4816fa5,,SULFATE  FERREUX,SULFATE  FERREUX,SULFATE  FERREUX,SULFATE  FERREUX,Drug,N/A,,
36b3f707-141e-43e2-806e-e2ad529bfb60,,SULFATE  FERREUX B9,SULFATE  FERREUX B9,SULFATE  FERREUX B9,SULFATE  FERREUX B9,Drug,N/A,,
8caa7802-320d-4b48-b062-94083a10c0c3,,TAXOTERE,TAXOTERE,TAXOTERE,TAXOTERE,Drug,N/A,,
e0883a17-5a51-4ce7-aa22-6fc55034a2d2,,FEXOFENADINE,FEXOFENADINE,FEXOFENADINE,FEXOFENADINE,Drug,N/A,,
6a5858f5-8e50-4a4e-9429-5c4d5844aaf9,,LORAZEPAM,LORAZEPAM,LORAZEPAM,LORAZEPAM,Drug,N/A,,
6a47c8a0-527c-447a-96fe-bf94702c77dd,,NIFEDIPINE/ATENOLOL,NIFEDIPINE/ATENOLOL,NIFEDIPINE/ATENOLOL,NIFEDIPINE/ATENOLOL,Drug,N/A,,
1db97494-2d04-49d1-8499-78fabc8c2dee,,ATENOLOL/CHLORTALIDONE,ATENOLOL/CHLORTALIDONE,ATENOLOL/CHLORTALIDONE,ATENOLOL/CHLORTALIDONE,Drug,N/A,,
3601d369-e3c3-4d40-a7b9-c32e5b99c720,,BENDROFLUMETHIAZIDE/RESERPINE,BENDROFLUMETHIAZIDE/RESERPINE,BENDROFLUMETHIAZIDE/RESERPINE,BENDROFLUMETHIAZIDE/RESERPINE,Drug,N/A,,
4611ff71-4047-4e4b-899b-0a002c9d14d0,,METRONIDAZOLE/NEOMYCINE/NYSTA,METRONIDAZOLE/NEOMYCINE/NYSTA,METRONIDAZOLE/NEOMYCINE/NYSTA,METRONIDAZOLE/NEOMYCINE/NYSTA,Drug,N/A,,
d6d9d409-8339-44ee-8747-5879dacddf8c,,FENTICONAZOLE,FENTICONAZOLE,FENTICONAZOLE,FENTICONAZOLE,Drug,N/A,,
e03345f5-c71d-43e7-b08d-5d85c954b41f,,TERPINE CODEINE,TERPINE CODEINE,TERPINE CODEINE,TERPINE CODEINE,Drug,N/A,,
19eb5955-30c4-46ba-bed6-1c4e5135cbe0,,TERPINE,TERPINE,TERPINE,TERPINE,Drug,N/A,,
4bb06db5-52e5-4cc4-aaf5-dbd0d91582e2,,VACCIN TETANIQUE,VACCIN TETANIQUE,VACCIN TETANIQUE,VACCIN TETANIQUE,Drug,N/A,,
aef96d56-7b9c-468e-840d-5d729c199ef7,,ANATOXINE TETANIQUE,ANATOXINE TETANIQUE,ANATOXINE TETANIQUE,ANATOXINE TETANIQUE,Drug,N/A,,
fb0b3481-1c49-4fa4-8eca-2e75a13eaa78,,TETRACYCLINE,TETRACYCLINE,TETRACYCLINE,TETRACYCLINE,Drug,N/A,,
045f1045-0f59-4650-ad58-46f5d3c48e4f,,TIAPRIDE,TIAPRIDE,TIAPRIDE,TIAPRIDE,Drug,N/A,,
f34fc4bd-e47e-4da6-95bd-008752cd4324,,IMIPENEME/CILASTATINE SODIQUE,IMIPENEME/CILASTATINE SODIQUE,IMIPENEME/CILASTATINE SODIQUE,IMIPENEME/CILASTATINE SODIQUE,Drug,N/A,,
7b0a38f7-852a-45f6-862f-c133e04a57df,,TIMOLOL,TIMOLOL,TIMOLOL,TIMOLOL,Drug,N/A,,
93608cb9-b019-454b-a500-30de218e6bb6,,TINIDAZOLE,TINIDAZOLE,TINIDAZOLE,TINIDAZOLE,Drug,N/A,,
c0afca65-d3a6-49f1-aae7-7ff1fd9c7ee2,,RACECADOTRIL,RACECADOTRIL,RACECADOTRIL,RACECADOTRIL,Drug,N/A,,
e3673861-49ea-4cd1-a8c1-6606b739c9bf,,NIDOCAINE/CARRAGHENATES/DIOXY D,NIDOCAINE/CARRAGHENATES/DIOXY D,NIDOCAINE/CARRAGHENATES/DIOXY D,NIDOCAINE/CARRAGHENATES/DIOXY D,Drug,N/A,,
151ac04f-de0c-400f-94a0-aca8ce120324,,CARRAGHENATES/DIOXY DE TITANE/OX,CARRAGHENATES/DIOXY DE TITANE/OX,CARRAGHENATES/DIOXY DE TITANE/OX,CARRAGHENATES/DIOXY DE TITANE/OX,Drug,N/A,,
c118509a-8eee-41ee-b6a5-636e4bfab8c6,,DEXAMETHASONE TOBRAMYCINE,DEXAMETHASONE TOBRAMYCINE,DEXAMETHASONE TOBRAMYCINE,DEXAMETHASONE TOBRAMYCINE,Drug,N/A,,
0eeb8533-7da2-45ea-a4c6-6a2885c741cc,,TOBRAMYCINE,TOBRAMYCINE,TOBRAMYCINE,TOBRAMYCINE,Drug,N/A,,
77825ec5-a4a1-4b08-b278-207d64dfaefe,,ALPHA TOCOPHEROL,ALPHA TOCOPHEROL,ALPHA TOCOPHEROL,ALPHA TOCOPHEROL,Drug,N/A,,
80c49d83-2499-431b-897c-13045588bee1,,ASCORBATE DE DL-LYSINE/ASCORBATE,ASCORBATE DE DL-LYSINE/ASCORBATE,ASCORBATE DE DL-LYSINE/ASCORBATE,ASCORBATE DE DL-LYSINE/ASCORBATE,Drug,N/A,,
3adfacce-8b8d-4bbb-9022-b596d71ea308,,ACIDE ALGINIQUE/HYDROXYDE D'ALUM,ACIDE ALGINIQUE/HYDROXYDE D'ALUM,ACIDE ALGINIQUE/HYDROXYDE D'ALUM,ACIDE ALGINIQUE/HYDROXYDE D'ALUM,Drug,N/A,,
57e3911f-823b-4a2c-b059-8da71414083e,,OXOMEMAZINE,OXOMEMAZINE,OXOMEMAZINE,OXOMEMAZINE,Drug,N/A,,
53c06d3e-d6e0-4f41-8759-aa397401ba46,,TORASEMIDE,TORASEMIDE,TORASEMIDE,TORASEMIDE,Drug,N/A,,
457df46e-67a0-4ccb-adeb-7a9d2eea602c,,PENTOXIFYLLINE,PENTOXIFYLLINE,PENTOXIFYLLINE,PENTOXIFYLLINE,Drug,N/A,,
02859fbe-f62f-493a-88dc-98a64edbe2b2,,GLUCONATE FERREUX/GLUCONATE DE,GLUCONATE FERREUX/GLUCONATE DE,GLUCONATE FERREUX/GLUCONATE DE,GLUCONATE FERREUX/GLUCONATE DE,Drug,N/A,,
b7e46739-9008-47d6-b993-b411bbcbc424,,CHLORHYDRATE DE  TRAMADOL,CHLORHYDRATE DE  TRAMADOL,CHLORHYDRATE DE  TRAMADOL,CHLORHYDRATE DE  TRAMADOL,Drug,N/A,,
96372792-1734-462b-aae6-42a126bb21d6,,TRAMADOL HCL,TRAMADOL HCL,TRAMADOL HCL,TRAMADOL HCL,Drug,N/A,,
d80c8fdd-f9f2-40ca-af2f-5ae7511653ab,,CLORAZEPATE,CLORAZEPATE,CLORAZEPATE,CLORAZEPATE,Drug,N/A,,
81742a5c-6c68-49b1-abfc-26e6940473e5,,TRAVOPROST,TRAVOPROST,TRAVOPROST,TRAVOPROST,Drug,N/A,,
fac8d233-6938-418c-846e-b3c00ff78158,,IBUPROFENE/PARACETAMOL/CAFIENE,IBUPROFENE/PARACETAMOL/CAFIENE,IBUPROFENE/PARACETAMOL/CAFIENE,IBUPROFENE/PARACETAMOL/CAFIENE,Drug,N/A,,
8497436c-af01-4f9d-a80b-0a97f4b03036,,TRIMETAZIDINE,TRIMETAZIDINE,TRIMETAZIDINE,TRIMETAZIDINE,Drug,N/A,,
48d4c831-f8c1-4995-8827-322c393d1313,,RAMIPRIL/HYDROCHLOROTHIAZIDE,RAMIPRIL/HYDROCHLOROTHIAZIDE,RAMIPRIL/HYDROCHLOROTHIAZIDE,RAMIPRIL/HYDROCHLOROTHIAZIDE,Drug,N/A,,
db776bfb-cc51-4bd4-ac11-1c1f241baaca,,PIRIBEDIL,PIRIBEDIL,PIRIBEDIL,PIRIBEDIL,Drug,N/A,,
76ab3a49-3bd7-4e83-8983-5a776283a880,,SUCRALFATE,SUCRALFATE,SUCRALFATE,SUCRALFATE,Drug,N/A,,
791d9ace-2bc2-4a4d-906b-dd266060bc5c,,SACCHAROMYCES BOULARDII,SACCHAROMYCES BOULARDII,SACCHAROMYCES BOULARDII,SACCHAROMYCES BOULARDII,Drug,N/A,,
4c0edd1e-2b89-48e4-9264-443a71852c0c,,IOPROMIDE,IOPROMIDE,IOPROMIDE,IOPROMIDE,Drug,N/A,,
f081b1dc-d087-4847-bfaa-b6821491e3bc,,AC ASCORBIQUE,AC ASCORBIQUE,AC ASCORBIQUE,AC ASCORBIQUE,Drug,N/A,,
2861f66c-bbe7-430e-8ee1-27426e10d981,,CLOBAZAM,CLOBAZAM,CLOBAZAM,CLOBAZAM,Drug,N/A,,
aaa51e29-81ac-4223-951d-ba2c916463cb,,TAMSULOSIN HCL,TAMSULOSIN HCL,TAMSULOSIN HCL,TAMSULOSIN HCL,Drug,N/A,,
b38ebf92-f186-42d6-82a4-a4de21f432ad,,URIDINE,URIDINE,URIDINE,URIDINE,Drug,N/A,,
c6c5299c-d2fb-4618-9d5e-857d8a1cc4e8,,PYRIDOXINE/MAGNESIUM,PYRIDOXINE/MAGNESIUM,PYRIDOXINE/MAGNESIUM,PYRIDOXINE/MAGNESIUM,Drug,N/A,,
38a01d50-51dc-4132-95bb-b323473b58cb,,VALOPROATE NA,VALOPROATE NA,VALOPROATE NA,VALOPROATE NA,Drug,N/A,,
0e6d4266-b560-4b81-97bd-95ef5671d572,,DIHYDROERGOCRYPTINE/CAFEINE,DIHYDROERGOCRYPTINE/CAFEINE,DIHYDROERGOCRYPTINE/CAFEINE,DIHYDROERGOCRYPTINE/CAFEINE,Drug,N/A,,
66df92d5-5606-49d2-921b-4fa9b62656a2,,HIDROSMINE,HIDROSMINE,HIDROSMINE,HIDROSMINE,Drug,N/A,,
308ba1f6-6ab3-4a7c-b8c8-0462ee1b0e42,,RIMEXOLONE,RIMEXOLONE,RIMEXOLONE,RIMEXOLONE,Drug,N/A,,
cd1850c0-b70e-4b13-b506-9f1738a29af4,,DIMETHINDENEMALEATE/PHENYL EPHE,DIMETHINDENEMALEATE/PHENYL EPHE,DIMETHINDENEMALEATE/PHENYL EPHE,DIMETHINDENEMALEATE/PHENYL EPHE,Drug,N/A,,
0a14468a-21b4-4d43-906c-9a89d0397c8c,,MULTIVITAMINE,MULTIVITAMINE,MULTIVITAMINE,MULTIVITAMINE,Drug,N/A,,
57022339-e479-45b0-8d87-db01ea43d951,,FLUOCINOLONE,FLUOCINOLONE,FLUOCINOLONE,FLUOCINOLONE,Drug,N/A,,
f3b7deec-20b0-4fc5-8bdf-9a430b5c13b6,,TIEMONIUM,TIEMONIUM,TIEMONIUM,TIEMONIUM,Drug,N/A,,
ded1cc03-224e-412a-b489-34d7c1d78410,,BENZALKONIUM CHLORURE,BENZALKONIUM CHLORURE,BENZALKONIUM CHLORURE,BENZALKONIUM CHLORURE,Drug,N/A,,
d12b9388-39a1-433b-a620-e70579cd9d84,,GLUCONATE DE CHLORHEXIDINE/CHLO,GLUCONATE DE CHLORHEXIDINE/CHLO,GLUCONATE DE CHLORHEXIDINE/CHLO,GLUCONATE DE CHLORHEXIDINE/CHLO,Drug,N/A,,
2c3f7c9f-cbe4-4866-937e-6f8f708c355e,,VITAMINE K1,VITAMINE K1,VITAMINE K1,VITAMINE K1,Drug,N/A,,
30dc736c-1c13-48da-9044-630dee4ae5d8,,VITAMINE C,VITAMINE C,VITAMINE C,VITAMINE C,Drug,N/A,,
8c2f5ff6-3701-447e-8b5b-9d212b110893,,PICLOXYDINE,PICLOXYDINE,PICLOXYDINE,PICLOXYDINE,Drug,N/A,,
52ec75d9-d367-4356-89c6-ed1a04379611,,URIDINE/THYMIDINE/CYTIDINE/GUANO,URIDINE/THYMIDINE/CYTIDINE/GUANO,URIDINE/THYMIDINE/CYTIDINE/GUANO,URIDINE/THYMIDINE/CYTIDINE/GUANO,Drug,N/A,,
8c33cbe0-aed6-481f-bdae-a9135dfacfff,,CYANOCOBALAMINE,CYANOCOBALAMINE,CYANOCOBALAMINE,CYANOCOBALAMINE,Drug,N/A,,
efda67bc-b01e-4e94-ab0c-ee14762459fc,,VITAMINE B1/B6,VITAMINE B1/B6,VITAMINE B1/B6,VITAMINE B1/B6,Drug,N/A,,
7de189e2-1181-4ebf-94ac-255eb24f03d2,,METOPIMAZINE,METOPIMAZINE,METOPIMAZINE,METOPIMAZINE,Drug,N/A,,
fd90f36a-e1fc-41b7-8d0c-ca917a875b0d,,DICLOFENAC K,DICLOFENAC K,DICLOFENAC K,DICLOFENAC K,Drug,N/A,,
f569d59e-079c-4002-87df-ab161a036b49,,DICLOFENAC NA,DICLOFENAC NA,DICLOFENAC NA,DICLOFENAC NA,Drug,N/A,,
66c6602c-3cc1-4205-ac7a-2496d1153a1a,,TRAMADOL,TRAMADOL,TRAMADOL,TRAMADOL,Drug,N/A,,
ac6680b7-1122-4606-8220-b479033a1147,,LATANOPROST,LATANOPROST,LATANOPROST,LATANOPROST,Drug,N/A,,
2c402d6d-c868-422d-94c9-316c36352e6e,,ALPROZALAM,ALPROZALAM,ALPROZALAM,ALPROZALAM,Drug,N/A,,
9ef535be-bd61-44d9-86f0-bff44bdc8c2c,,ALFUZOSINE,ALFUZOSINE,ALFUZOSINE,ALFUZOSINE,Drug,N/A,,
3433916d-fa8d-4927-8255-e1a2ea720463,,CHLORHYDRATE D'ALFUZOSINE,CHLORHYDRATE D'ALFUZOSINE,CHLORHYDRATE D'ALFUZOSINE,CHLORHYDRATE D'ALFUZOSINE,Drug,N/A,,
2c5189aa-fca0-490d-a4fd-0f2f0e170ff5,,CEFUROXIME AXETIL,CEFUROXIME AXETIL,CEFUROXIME AXETIL,CEFUROXIME AXETIL,Drug,N/A,,
8cb965ef-0903-4d7f-b1f6-28221ffe7fcd,,LIDOCAINE/NAPHTAZOLINE,LIDOCAINE/NAPHTAZOLINE,LIDOCAINE/NAPHTAZOLINE,LIDOCAINE/NAPHTAZOLINE,Drug,N/A,,
702937a1-0f64-45f6-946c-f958d77d9bab,,PARACETAMOL/SALICYLAMIDE/CHLOR,PARACETAMOL/SALICYLAMIDE/CHLOR,PARACETAMOL/SALICYLAMIDE/CHLOR,PARACETAMOL/SALICYLAMIDE/CHLOR,Drug,N/A,,
2f94d8c1-f198-458f-b941-f1f5338ba4c2,,KETOTIFENE,KETOTIFENE,KETOTIFENE,KETOTIFENE,Drug,N/A,,
dc570ba5-7755-4086-8a04-bcefc9dee3e6,,CHLORHYDRATE DELERCANIDIPINE,CHLORHYDRATE DELERCANIDIPINE,CHLORHYDRATE DELERCANIDIPINE,CHLORHYDRATE DELERCANIDIPINE,Drug,N/A,,
24be35bc-419f-4e0a-baa5-8aec5d82e9f5,,CARBOPLATINE,CARBOPLATINE,CARBOPLATINE,CARBOPLATINE,Drug,N/A,,
cee83a7c-b59b-4746-b7d4-84c058d1cfda,,VALACICLOVIR,VALACICLOVIR,VALACICLOVIR,VALACICLOVIR,Drug,N/A,,
0e64b056-b23d-4422-936f-d3d4e6c33c0d,,CEFUROXIME,CEFUROXIME,CEFUROXIME,CEFUROXIME,Drug,N/A,,